Copyright 1986-2022 Xilinx, Inc. All Rights Reserved. Copyright 2022-2025 Advanced Micro Devices, Inc. All Rights Reserved.
------------------------------------------------------------------------------------------------------------------------------------------------------------------------------------------------------------------------------------------------------------------------------------------
| Tool Version : Vivado v.2025.2 (win64) Build 6299465 Fri Nov 14 19:35:11 GMT 2025
| Date         : Wed Apr 29 19:10:54 2026
| Host         : PC-708 running 64-bit major release  (build 9200)
| Command      : report_timing_summary -max_paths 10 -routable_nets -report_unconstrained -file Binary_Perception_Game_Top_timing_summary_routed.rpt -pb Binary_Perception_Game_Top_timing_summary_routed.pb -rpx Binary_Perception_Game_Top_timing_summary_routed.rpx -warn_on_violation
| Design       : Binary_Perception_Game_Top
| Device       : 7a50ti-csg324
| Speed File   : -1L  PRODUCTION 1.23 2018-06-13
| Design State : Routed
------------------------------------------------------------------------------------------------------------------------------------------------------------------------------------------------------------------------------------------------------------------------------------------

Timing Summary Report

------------------------------------------------------------------------------------------------
| Timer Settings
| --------------
------------------------------------------------------------------------------------------------

  Enable Multi Corner Analysis               :  Yes
  Enable Pessimism Removal                   :  Yes
  Pessimism Removal Resolution               :  Nearest Common Node
  Enable Input Delay Default Clock           :  No
  Enable Preset / Clear Arcs                 :  No
  Disable Flight Delays                      :  No
  Ignore I/O Paths                           :  No
  Timing Early Launch at Borrowing Latches   :  No
  Borrow Time for Max Delay Exceptions       :  Yes
  Merge Timing Exceptions                    :  Yes
  Inter-SLR Compensation                     :  Conservative

  Corner  Analyze    Analyze    
  Name    Max Paths  Min Paths  
  ------  ---------  ---------  
  Slow    Yes        Yes        
  Fast    Yes        Yes        


------------------------------------------------------------------------------------------------
| Report Methodology
| ------------------
------------------------------------------------------------------------------------------------

Rule       Severity  Description                    Violations  
---------  --------  -----------------------------  ----------  
TIMING-18  Warning   Missing input or output delay  30          

Note: This report is based on the most recent report_methodology run and may not be up-to-date. Run report_methodology on the current design for the latest report.



check_timing report

Table of Contents
-----------------
1. checking no_clock (0)
2. checking constant_clock (0)
3. checking pulse_width_clock (0)
4. checking unconstrained_internal_endpoints (0)
5. checking no_input_delay (11)
6. checking no_output_delay (17)
7. checking multiple_clock (0)
8. checking generated_clocks (0)
9. checking loops (0)
10. checking partial_input_delay (0)
11. checking partial_output_delay (0)
12. checking latch_loops (0)

1. checking no_clock (0)
------------------------
 There are 0 register/latch pins with no clock.


2. checking constant_clock (0)
------------------------------
 There are 0 register/latch pins with constant_clock.


3. checking pulse_width_clock (0)
---------------------------------
 There are 0 register/latch pins which need pulse_width check


4. checking unconstrained_internal_endpoints (0)
------------------------------------------------
 There are 0 pins that are not constrained for maximum delay.

 There are 0 pins that are not constrained for maximum delay due to constant clock.


5. checking no_input_delay (11)
-------------------------------
 There are 11 input ports with no input delay specified. (HIGH)

 There are 0 input ports with no input delay but user has a false path constraint.


6. checking no_output_delay (17)
--------------------------------
 There are 17 ports with no output delay specified. (HIGH)

 There are 0 ports with no output delay but user has a false path constraint

 There are 0 ports with no output delay but with a timing clock defined on it or propagating through it


7. checking multiple_clock (0)
------------------------------
 There are 0 register/latch pins with multiple clocks.


8. checking generated_clocks (0)
--------------------------------
 There are 0 generated clocks that are not connected to a clock source.


9. checking loops (0)
---------------------
 There are 0 combinational loops in the design.


10. checking partial_input_delay (0)
------------------------------------
 There are 0 input ports with partial input delay specified.


11. checking partial_output_delay (0)
-------------------------------------
 There are 0 ports with partial output delay specified.


12. checking latch_loops (0)
----------------------------
 There are 0 combinational latch loops in the design through latch input



------------------------------------------------------------------------------------------------
| Design Timing Summary
| ---------------------
------------------------------------------------------------------------------------------------

    WNS(ns)      TNS(ns)  TNS Failing Endpoints  TNS Total Endpoints      WHS(ns)      THS(ns)  THS Failing Endpoints  THS Total Endpoints     WPWS(ns)     TPWS(ns)  TPWS Failing Endpoints  TPWS Total Endpoints  
    -------      -------  ---------------------  -------------------      -------      -------  ---------------------  -------------------     --------     --------  ----------------------  --------------------  
      4.887        0.000                      0                  142        0.181        0.000                      0                  142        4.500        0.000                       0                    81  


All user specified timing constraints are met.


------------------------------------------------------------------------------------------------
| Clock Summary
| -------------
------------------------------------------------------------------------------------------------

Clock        Waveform(ns)       Period(ns)      Frequency(MHz)
-----        ------------       ----------      --------------
sys_clk_pin  {0.000 5.000}      10.000          100.000         


------------------------------------------------------------------------------------------------
| Intra Clock Table
| -----------------
------------------------------------------------------------------------------------------------

Clock             WNS(ns)      TNS(ns)  TNS Failing Endpoints  TNS Total Endpoints      WHS(ns)      THS(ns)  THS Failing Endpoints  THS Total Endpoints     WPWS(ns)     TPWS(ns)  TPWS Failing Endpoints  TPWS Total Endpoints  
-----             -------      -------  ---------------------  -------------------      -------      -------  ---------------------  -------------------     --------     --------  ----------------------  --------------------  
sys_clk_pin         4.887        0.000                      0                  142        0.181        0.000                      0                  142        4.500        0.000                       0                    81  


------------------------------------------------------------------------------------------------
| Inter Clock Table
| -----------------
------------------------------------------------------------------------------------------------

From Clock    To Clock          WNS(ns)      TNS(ns)  TNS Failing Endpoints  TNS Total Endpoints      WHS(ns)      THS(ns)  THS Failing Endpoints  THS Total Endpoints  
----------    --------          -------      -------  ---------------------  -------------------      -------      -------  ---------------------  -------------------  


------------------------------------------------------------------------------------------------
| Other Path Groups Table
| -----------------------
------------------------------------------------------------------------------------------------

Path Group    From Clock    To Clock          WNS(ns)      TNS(ns)  TNS Failing Endpoints  TNS Total Endpoints      WHS(ns)      THS(ns)  THS Failing Endpoints  THS Total Endpoints  
----------    ----------    --------          -------      -------  ---------------------  -------------------      -------      -------  ---------------------  -------------------  


------------------------------------------------------------------------------------------------
| User Ignored Path Table
| -----------------------
------------------------------------------------------------------------------------------------

Path Group    From Clock    To Clock    
----------    ----------    --------    


------------------------------------------------------------------------------------------------
| Unconstrained Path Table
| ------------------------
------------------------------------------------------------------------------------------------

Path Group    From Clock    To Clock    
----------    ----------    --------    
(none)                                    
(none)        sys_clk_pin                 
(none)                      sys_clk_pin   


------------------------------------------------------------------------------------------------
| Timing Details
| --------------
------------------------------------------------------------------------------------------------


---------------------------------------------------------------------------------------------------
From Clock:  sys_clk_pin
  To Clock:  sys_clk_pin

Setup :            0  Failing Endpoints,  Worst Slack        4.887ns,  Total Violation        0.000ns
Hold  :            0  Failing Endpoints,  Worst Slack        0.181ns,  Total Violation        0.000ns
PW    :            0  Failing Endpoints,  Worst Slack        4.500ns,  Total Violation        0.000ns
---------------------------------------------------------------------------------------------------


Max Delay Paths
--------------------------------------------------------------------------------------
Slack (MET) :             4.887ns  (required time - arrival time)
  Source:                 Inst_Debounce/s_cnt_reg[6]/C
                            (rising edge-triggered cell FDRE clocked by sys_clk_pin  {rise@0.000ns fall@5.000ns period=10.000ns})
  Destination:            Inst_Debounce/s_cnt_reg[16]/R
                            (rising edge-triggered cell FDRE clocked by sys_clk_pin  {rise@0.000ns fall@5.000ns period=10.000ns})
  Path Group:             sys_clk_pin
  Path Type:              Setup (Max at Slow Process Corner)
  Requirement:            10.000ns  (sys_clk_pin rise@10.000ns - sys_clk_pin rise@0.000ns)
  Data Path Delay:        4.308ns  (logic 0.918ns (21.311%)  route 3.390ns (78.689%))
  Logic Levels:           3  (LUT3=1 LUT6=2)
  Clock Path Skew:        -0.022ns (DCD - SCD + CPR)
    Destination Clock Delay (DCD):    4.822ns = ( 14.822 - 10.000 ) 
    Source Clock Delay      (SCD):    5.116ns
    Clock Pessimism Removal (CPR):    0.272ns
  Clock Uncertainty:      0.035ns  ((TSJ^2 + TIJ^2)^1/2 + DJ) / 2 + PE
    Total System Jitter     (TSJ):    0.071ns
    Total Input Jitter      (TIJ):    0.000ns
    Discrete Jitter          (DJ):    0.000ns
    Phase Error              (PE):    0.000ns

    Location             Delay type                Incr(ns)  Path(ns)    Netlist Resource(s)
  -------------------------------------------------------------------    -------------------
                         (clock sys_clk_pin rise edge)
                                                      0.000     0.000 r  
    E3                                                0.000     0.000 r  clk (IN)
                         net (fo=0)                   0.000     0.000    clk
    E3                   IBUF (Prop_ibuf_I_O)         1.489     1.489 r  clk_IBUF_inst/O
                         net (fo=1, routed)           1.967     3.455    clk_IBUF
    BUFGCTRL_X0Y16       BUFG (Prop_bufg_I_O)         0.096     3.551 r  clk_IBUF_BUFG_inst/O
                         net (fo=80, routed)          1.564     5.116    Inst_Debounce/CLK
    SLICE_X10Y34         FDRE                                         r  Inst_Debounce/s_cnt_reg[6]/C
  -------------------------------------------------------------------    -------------------
    SLICE_X10Y34         FDRE (Prop_fdre_C_Q)         0.518     5.634 f  Inst_Debounce/s_cnt_reg[6]/Q
                         net (fo=2, routed)           0.979     6.613    Inst_Debounce/s_cnt_reg[6]
    SLICE_X11Y35         LUT6 (Prop_lut6_I0_O)        0.124     6.737 r  Inst_Debounce/s_cnt[0]_i_5/O
                         net (fo=1, routed)           0.797     7.534    Inst_Debounce/s_cnt[0]_i_5_n_0
    SLICE_X11Y34         LUT6 (Prop_lut6_I0_O)        0.124     7.658 r  Inst_Debounce/s_cnt[0]_i_3__0/O
                         net (fo=2, routed)           0.812     8.470    Inst_Debounce/s_debounced
    SLICE_X8Y34          LUT3 (Prop_lut3_I2_O)        0.152     8.622 r  Inst_Debounce/s_cnt[0]_i_1__0/O
                         net (fo=17, routed)          0.801     9.423    Inst_Debounce/s_cnt[0]_i_1__0_n_0
    SLICE_X10Y37         FDRE                                         r  Inst_Debounce/s_cnt_reg[16]/R
  -------------------------------------------------------------------    -------------------

                         (clock sys_clk_pin rise edge)
                                                     10.000    10.000 r  
    E3                                                0.000    10.000 r  clk (IN)
                         net (fo=0)                   0.000    10.000    clk
    E3                   IBUF (Prop_ibuf_I_O)         1.418    11.418 r  clk_IBUF_inst/O
                         net (fo=1, routed)           1.862    13.280    clk_IBUF
    BUFGCTRL_X0Y16       BUFG (Prop_bufg_I_O)         0.091    13.371 r  clk_IBUF_BUFG_inst/O
                         net (fo=80, routed)          1.450    14.822    Inst_Debounce/CLK
    SLICE_X10Y37         FDRE                                         r  Inst_Debounce/s_cnt_reg[16]/C
                         clock pessimism              0.272    15.094    
                         clock uncertainty           -0.035    15.058    
    SLICE_X10Y37         FDRE (Setup_fdre_C_R)       -0.748    14.310    Inst_Debounce/s_cnt_reg[16]
  -------------------------------------------------------------------
                         required time                         14.310    
                         arrival time                          -9.423    
  -------------------------------------------------------------------
                         slack                                  4.887    

Slack (MET) :             4.990ns  (required time - arrival time)
  Source:                 Inst_Debounce/s_cnt_reg[6]/C
                            (rising edge-triggered cell FDRE clocked by sys_clk_pin  {rise@0.000ns fall@5.000ns period=10.000ns})
  Destination:            Inst_Debounce/s_cnt_reg[4]/R
                            (rising edge-triggered cell FDRE clocked by sys_clk_pin  {rise@0.000ns fall@5.000ns period=10.000ns})
  Path Group:             sys_clk_pin
  Path Type:              Setup (Max at Slow Process Corner)
  Requirement:            10.000ns  (sys_clk_pin rise@10.000ns - sys_clk_pin rise@0.000ns)
  Data Path Delay:        4.227ns  (logic 0.918ns (21.717%)  route 3.309ns (78.283%))
  Logic Levels:           3  (LUT3=1 LUT6=2)
  Clock Path Skew:        0.000ns (DCD - SCD + CPR)
    Destination Clock Delay (DCD):    4.820ns = ( 14.820 - 10.000 ) 
    Source Clock Delay      (SCD):    5.116ns
    Clock Pessimism Removal (CPR):    0.296ns
  Clock Uncertainty:      0.035ns  ((TSJ^2 + TIJ^2)^1/2 + DJ) / 2 + PE
    Total System Jitter     (TSJ):    0.071ns
    Total Input Jitter      (TIJ):    0.000ns
    Discrete Jitter          (DJ):    0.000ns
    Phase Error              (PE):    0.000ns

    Location             Delay type                Incr(ns)  Path(ns)    Netlist Resource(s)
  -------------------------------------------------------------------    -------------------
                         (clock sys_clk_pin rise edge)
                                                      0.000     0.000 r  
    E3                                                0.000     0.000 r  clk (IN)
                         net (fo=0)                   0.000     0.000    clk
    E3                   IBUF (Prop_ibuf_I_O)         1.489     1.489 r  clk_IBUF_inst/O
                         net (fo=1, routed)           1.967     3.455    clk_IBUF
    BUFGCTRL_X0Y16       BUFG (Prop_bufg_I_O)         0.096     3.551 r  clk_IBUF_BUFG_inst/O
                         net (fo=80, routed)          1.564     5.116    Inst_Debounce/CLK
    SLICE_X10Y34         FDRE                                         r  Inst_Debounce/s_cnt_reg[6]/C
  -------------------------------------------------------------------    -------------------
    SLICE_X10Y34         FDRE (Prop_fdre_C_Q)         0.518     5.634 f  Inst_Debounce/s_cnt_reg[6]/Q
                         net (fo=2, routed)           0.979     6.613    Inst_Debounce/s_cnt_reg[6]
    SLICE_X11Y35         LUT6 (Prop_lut6_I0_O)        0.124     6.737 r  Inst_Debounce/s_cnt[0]_i_5/O
                         net (fo=1, routed)           0.797     7.534    Inst_Debounce/s_cnt[0]_i_5_n_0
    SLICE_X11Y34         LUT6 (Prop_lut6_I0_O)        0.124     7.658 r  Inst_Debounce/s_cnt[0]_i_3__0/O
                         net (fo=2, routed)           0.812     8.470    Inst_Debounce/s_debounced
    SLICE_X8Y34          LUT3 (Prop_lut3_I2_O)        0.152     8.622 r  Inst_Debounce/s_cnt[0]_i_1__0/O
                         net (fo=17, routed)          0.721     9.343    Inst_Debounce/s_cnt[0]_i_1__0_n_0
    SLICE_X10Y34         FDRE                                         r  Inst_Debounce/s_cnt_reg[4]/R
  -------------------------------------------------------------------    -------------------

                         (clock sys_clk_pin rise edge)
                                                     10.000    10.000 r  
    E3                                                0.000    10.000 r  clk (IN)
                         net (fo=0)                   0.000    10.000    clk
    E3                   IBUF (Prop_ibuf_I_O)         1.418    11.418 r  clk_IBUF_inst/O
                         net (fo=1, routed)           1.862    13.280    clk_IBUF
    BUFGCTRL_X0Y16       BUFG (Prop_bufg_I_O)         0.091    13.371 r  clk_IBUF_BUFG_inst/O
                         net (fo=80, routed)          1.448    14.820    Inst_Debounce/CLK
    SLICE_X10Y34         FDRE                                         r  Inst_Debounce/s_cnt_reg[4]/C
                         clock pessimism              0.296    15.116    
                         clock uncertainty           -0.035    15.080    
    SLICE_X10Y34         FDRE (Setup_fdre_C_R)       -0.748    14.332    Inst_Debounce/s_cnt_reg[4]
  -------------------------------------------------------------------
                         required time                         14.332    
                         arrival time                          -9.343    
  -------------------------------------------------------------------
                         slack                                  4.990    

Slack (MET) :             4.990ns  (required time - arrival time)
  Source:                 Inst_Debounce/s_cnt_reg[6]/C
                            (rising edge-triggered cell FDRE clocked by sys_clk_pin  {rise@0.000ns fall@5.000ns period=10.000ns})
  Destination:            Inst_Debounce/s_cnt_reg[5]/R
                            (rising edge-triggered cell FDRE clocked by sys_clk_pin  {rise@0.000ns fall@5.000ns period=10.000ns})
  Path Group:             sys_clk_pin
  Path Type:              Setup (Max at Slow Process Corner)
  Requirement:            10.000ns  (sys_clk_pin rise@10.000ns - sys_clk_pin rise@0.000ns)
  Data Path Delay:        4.227ns  (logic 0.918ns (21.717%)  route 3.309ns (78.283%))
  Logic Levels:           3  (LUT3=1 LUT6=2)
  Clock Path Skew:        0.000ns (DCD - SCD + CPR)
    Destination Clock Delay (DCD):    4.820ns = ( 14.820 - 10.000 ) 
    Source Clock Delay      (SCD):    5.116ns
    Clock Pessimism Removal (CPR):    0.296ns
  Clock Uncertainty:      0.035ns  ((TSJ^2 + TIJ^2)^1/2 + DJ) / 2 + PE
    Total System Jitter     (TSJ):    0.071ns
    Total Input Jitter      (TIJ):    0.000ns
    Discrete Jitter          (DJ):    0.000ns
    Phase Error              (PE):    0.000ns

    Location             Delay type                Incr(ns)  Path(ns)    Netlist Resource(s)
  -------------------------------------------------------------------    -------------------
                         (clock sys_clk_pin rise edge)
                                                      0.000     0.000 r  
    E3                                                0.000     0.000 r  clk (IN)
                         net (fo=0)                   0.000     0.000    clk
    E3                   IBUF (Prop_ibuf_I_O)         1.489     1.489 r  clk_IBUF_inst/O
                         net (fo=1, routed)           1.967     3.455    clk_IBUF
    BUFGCTRL_X0Y16       BUFG (Prop_bufg_I_O)         0.096     3.551 r  clk_IBUF_BUFG_inst/O
                         net (fo=80, routed)          1.564     5.116    Inst_Debounce/CLK
    SLICE_X10Y34         FDRE                                         r  Inst_Debounce/s_cnt_reg[6]/C
  -------------------------------------------------------------------    -------------------
    SLICE_X10Y34         FDRE (Prop_fdre_C_Q)         0.518     5.634 f  Inst_Debounce/s_cnt_reg[6]/Q
                         net (fo=2, routed)           0.979     6.613    Inst_Debounce/s_cnt_reg[6]
    SLICE_X11Y35         LUT6 (Prop_lut6_I0_O)        0.124     6.737 r  Inst_Debounce/s_cnt[0]_i_5/O
                         net (fo=1, routed)           0.797     7.534    Inst_Debounce/s_cnt[0]_i_5_n_0
    SLICE_X11Y34         LUT6 (Prop_lut6_I0_O)        0.124     7.658 r  Inst_Debounce/s_cnt[0]_i_3__0/O
                         net (fo=2, routed)           0.812     8.470    Inst_Debounce/s_debounced
    SLICE_X8Y34          LUT3 (Prop_lut3_I2_O)        0.152     8.622 r  Inst_Debounce/s_cnt[0]_i_1__0/O
                         net (fo=17, routed)          0.721     9.343    Inst_Debounce/s_cnt[0]_i_1__0_n_0
    SLICE_X10Y34         FDRE                                         r  Inst_Debounce/s_cnt_reg[5]/R
  -------------------------------------------------------------------    -------------------

                         (clock sys_clk_pin rise edge)
                                                     10.000    10.000 r  
    E3                                                0.000    10.000 r  clk (IN)
                         net (fo=0)                   0.000    10.000    clk
    E3                   IBUF (Prop_ibuf_I_O)         1.418    11.418 r  clk_IBUF_inst/O
                         net (fo=1, routed)           1.862    13.280    clk_IBUF
    BUFGCTRL_X0Y16       BUFG (Prop_bufg_I_O)         0.091    13.371 r  clk_IBUF_BUFG_inst/O
                         net (fo=80, routed)          1.448    14.820    Inst_Debounce/CLK
    SLICE_X10Y34         FDRE                                         r  Inst_Debounce/s_cnt_reg[5]/C
                         clock pessimism              0.296    15.116    
                         clock uncertainty           -0.035    15.080    
    SLICE_X10Y34         FDRE (Setup_fdre_C_R)       -0.748    14.332    Inst_Debounce/s_cnt_reg[5]
  -------------------------------------------------------------------
                         required time                         14.332    
                         arrival time                          -9.343    
  -------------------------------------------------------------------
                         slack                                  4.990    

Slack (MET) :             4.990ns  (required time - arrival time)
  Source:                 Inst_Debounce/s_cnt_reg[6]/C
                            (rising edge-triggered cell FDRE clocked by sys_clk_pin  {rise@0.000ns fall@5.000ns period=10.000ns})
  Destination:            Inst_Debounce/s_cnt_reg[6]/R
                            (rising edge-triggered cell FDRE clocked by sys_clk_pin  {rise@0.000ns fall@5.000ns period=10.000ns})
  Path Group:             sys_clk_pin
  Path Type:              Setup (Max at Slow Process Corner)
  Requirement:            10.000ns  (sys_clk_pin rise@10.000ns - sys_clk_pin rise@0.000ns)
  Data Path Delay:        4.227ns  (logic 0.918ns (21.717%)  route 3.309ns (78.283%))
  Logic Levels:           3  (LUT3=1 LUT6=2)
  Clock Path Skew:        0.000ns (DCD - SCD + CPR)
    Destination Clock Delay (DCD):    4.820ns = ( 14.820 - 10.000 ) 
    Source Clock Delay      (SCD):    5.116ns
    Clock Pessimism Removal (CPR):    0.296ns
  Clock Uncertainty:      0.035ns  ((TSJ^2 + TIJ^2)^1/2 + DJ) / 2 + PE
    Total System Jitter     (TSJ):    0.071ns
    Total Input Jitter      (TIJ):    0.000ns
    Discrete Jitter          (DJ):    0.000ns
    Phase Error              (PE):    0.000ns

    Location             Delay type                Incr(ns)  Path(ns)    Netlist Resource(s)
  -------------------------------------------------------------------    -------------------
                         (clock sys_clk_pin rise edge)
                                                      0.000     0.000 r  
    E3                                                0.000     0.000 r  clk (IN)
                         net (fo=0)                   0.000     0.000    clk
    E3                   IBUF (Prop_ibuf_I_O)         1.489     1.489 r  clk_IBUF_inst/O
                         net (fo=1, routed)           1.967     3.455    clk_IBUF
    BUFGCTRL_X0Y16       BUFG (Prop_bufg_I_O)         0.096     3.551 r  clk_IBUF_BUFG_inst/O
                         net (fo=80, routed)          1.564     5.116    Inst_Debounce/CLK
    SLICE_X10Y34         FDRE                                         r  Inst_Debounce/s_cnt_reg[6]/C
  -------------------------------------------------------------------    -------------------
    SLICE_X10Y34         FDRE (Prop_fdre_C_Q)         0.518     5.634 f  Inst_Debounce/s_cnt_reg[6]/Q
                         net (fo=2, routed)           0.979     6.613    Inst_Debounce/s_cnt_reg[6]
    SLICE_X11Y35         LUT6 (Prop_lut6_I0_O)        0.124     6.737 r  Inst_Debounce/s_cnt[0]_i_5/O
                         net (fo=1, routed)           0.797     7.534    Inst_Debounce/s_cnt[0]_i_5_n_0
    SLICE_X11Y34         LUT6 (Prop_lut6_I0_O)        0.124     7.658 r  Inst_Debounce/s_cnt[0]_i_3__0/O
                         net (fo=2, routed)           0.812     8.470    Inst_Debounce/s_debounced
    SLICE_X8Y34          LUT3 (Prop_lut3_I2_O)        0.152     8.622 r  Inst_Debounce/s_cnt[0]_i_1__0/O
                         net (fo=17, routed)          0.721     9.343    Inst_Debounce/s_cnt[0]_i_1__0_n_0
    SLICE_X10Y34         FDRE                                         r  Inst_Debounce/s_cnt_reg[6]/R
  -------------------------------------------------------------------    -------------------

                         (clock sys_clk_pin rise edge)
                                                     10.000    10.000 r  
    E3                                                0.000    10.000 r  clk (IN)
                         net (fo=0)                   0.000    10.000    clk
    E3                   IBUF (Prop_ibuf_I_O)         1.418    11.418 r  clk_IBUF_inst/O
                         net (fo=1, routed)           1.862    13.280    clk_IBUF
    BUFGCTRL_X0Y16       BUFG (Prop_bufg_I_O)         0.091    13.371 r  clk_IBUF_BUFG_inst/O
                         net (fo=80, routed)          1.448    14.820    Inst_Debounce/CLK
    SLICE_X10Y34         FDRE                                         r  Inst_Debounce/s_cnt_reg[6]/C
                         clock pessimism              0.296    15.116    
                         clock uncertainty           -0.035    15.080    
    SLICE_X10Y34         FDRE (Setup_fdre_C_R)       -0.748    14.332    Inst_Debounce/s_cnt_reg[6]
  -------------------------------------------------------------------
                         required time                         14.332    
                         arrival time                          -9.343    
  -------------------------------------------------------------------
                         slack                                  4.990    

Slack (MET) :             4.990ns  (required time - arrival time)
  Source:                 Inst_Debounce/s_cnt_reg[6]/C
                            (rising edge-triggered cell FDRE clocked by sys_clk_pin  {rise@0.000ns fall@5.000ns period=10.000ns})
  Destination:            Inst_Debounce/s_cnt_reg[7]/R
                            (rising edge-triggered cell FDRE clocked by sys_clk_pin  {rise@0.000ns fall@5.000ns period=10.000ns})
  Path Group:             sys_clk_pin
  Path Type:              Setup (Max at Slow Process Corner)
  Requirement:            10.000ns  (sys_clk_pin rise@10.000ns - sys_clk_pin rise@0.000ns)
  Data Path Delay:        4.227ns  (logic 0.918ns (21.717%)  route 3.309ns (78.283%))
  Logic Levels:           3  (LUT3=1 LUT6=2)
  Clock Path Skew:        0.000ns (DCD - SCD + CPR)
    Destination Clock Delay (DCD):    4.820ns = ( 14.820 - 10.000 ) 
    Source Clock Delay      (SCD):    5.116ns
    Clock Pessimism Removal (CPR):    0.296ns
  Clock Uncertainty:      0.035ns  ((TSJ^2 + TIJ^2)^1/2 + DJ) / 2 + PE
    Total System Jitter     (TSJ):    0.071ns
    Total Input Jitter      (TIJ):    0.000ns
    Discrete Jitter          (DJ):    0.000ns
    Phase Error              (PE):    0.000ns

    Location             Delay type                Incr(ns)  Path(ns)    Netlist Resource(s)
  -------------------------------------------------------------------    -------------------
                         (clock sys_clk_pin rise edge)
                                                      0.000     0.000 r  
    E3                                                0.000     0.000 r  clk (IN)
                         net (fo=0)                   0.000     0.000    clk
    E3                   IBUF (Prop_ibuf_I_O)         1.489     1.489 r  clk_IBUF_inst/O
                         net (fo=1, routed)           1.967     3.455    clk_IBUF
    BUFGCTRL_X0Y16       BUFG (Prop_bufg_I_O)         0.096     3.551 r  clk_IBUF_BUFG_inst/O
                         net (fo=80, routed)          1.564     5.116    Inst_Debounce/CLK
    SLICE_X10Y34         FDRE                                         r  Inst_Debounce/s_cnt_reg[6]/C
  -------------------------------------------------------------------    -------------------
    SLICE_X10Y34         FDRE (Prop_fdre_C_Q)         0.518     5.634 f  Inst_Debounce/s_cnt_reg[6]/Q
                         net (fo=2, routed)           0.979     6.613    Inst_Debounce/s_cnt_reg[6]
    SLICE_X11Y35         LUT6 (Prop_lut6_I0_O)        0.124     6.737 r  Inst_Debounce/s_cnt[0]_i_5/O
                         net (fo=1, routed)           0.797     7.534    Inst_Debounce/s_cnt[0]_i_5_n_0
    SLICE_X11Y34         LUT6 (Prop_lut6_I0_O)        0.124     7.658 r  Inst_Debounce/s_cnt[0]_i_3__0/O
                         net (fo=2, routed)           0.812     8.470    Inst_Debounce/s_debounced
    SLICE_X8Y34          LUT3 (Prop_lut3_I2_O)        0.152     8.622 r  Inst_Debounce/s_cnt[0]_i_1__0/O
                         net (fo=17, routed)          0.721     9.343    Inst_Debounce/s_cnt[0]_i_1__0_n_0
    SLICE_X10Y34         FDRE                                         r  Inst_Debounce/s_cnt_reg[7]/R
  -------------------------------------------------------------------    -------------------

                         (clock sys_clk_pin rise edge)
                                                     10.000    10.000 r  
    E3                                                0.000    10.000 r  clk (IN)
                         net (fo=0)                   0.000    10.000    clk
    E3                   IBUF (Prop_ibuf_I_O)         1.418    11.418 r  clk_IBUF_inst/O
                         net (fo=1, routed)           1.862    13.280    clk_IBUF
    BUFGCTRL_X0Y16       BUFG (Prop_bufg_I_O)         0.091    13.371 r  clk_IBUF_BUFG_inst/O
                         net (fo=80, routed)          1.448    14.820    Inst_Debounce/CLK
    SLICE_X10Y34         FDRE                                         r  Inst_Debounce/s_cnt_reg[7]/C
                         clock pessimism              0.296    15.116    
                         clock uncertainty           -0.035    15.080    
    SLICE_X10Y34         FDRE (Setup_fdre_C_R)       -0.748    14.332    Inst_Debounce/s_cnt_reg[7]
  -------------------------------------------------------------------
                         required time                         14.332    
                         arrival time                          -9.343    
  -------------------------------------------------------------------
                         slack                                  4.990    

Slack (MET) :             5.024ns  (required time - arrival time)
  Source:                 Inst_Debounce/s_cnt_reg[6]/C
                            (rising edge-triggered cell FDRE clocked by sys_clk_pin  {rise@0.000ns fall@5.000ns period=10.000ns})
  Destination:            Inst_Debounce/s_cnt_reg[12]/R
                            (rising edge-triggered cell FDRE clocked by sys_clk_pin  {rise@0.000ns fall@5.000ns period=10.000ns})
  Path Group:             sys_clk_pin
  Path Type:              Setup (Max at Slow Process Corner)
  Requirement:            10.000ns  (sys_clk_pin rise@10.000ns - sys_clk_pin rise@0.000ns)
  Data Path Delay:        4.169ns  (logic 0.918ns (22.019%)  route 3.251ns (77.981%))
  Logic Levels:           3  (LUT3=1 LUT6=2)
  Clock Path Skew:        -0.023ns (DCD - SCD + CPR)
    Destination Clock Delay (DCD):    4.821ns = ( 14.821 - 10.000 ) 
    Source Clock Delay      (SCD):    5.116ns
    Clock Pessimism Removal (CPR):    0.272ns
  Clock Uncertainty:      0.035ns  ((TSJ^2 + TIJ^2)^1/2 + DJ) / 2 + PE
    Total System Jitter     (TSJ):    0.071ns
    Total Input Jitter      (TIJ):    0.000ns
    Discrete Jitter          (DJ):    0.000ns
    Phase Error              (PE):    0.000ns

    Location             Delay type                Incr(ns)  Path(ns)    Netlist Resource(s)
  -------------------------------------------------------------------    -------------------
                         (clock sys_clk_pin rise edge)
                                                      0.000     0.000 r  
    E3                                                0.000     0.000 r  clk (IN)
                         net (fo=0)                   0.000     0.000    clk
    E3                   IBUF (Prop_ibuf_I_O)         1.489     1.489 r  clk_IBUF_inst/O
                         net (fo=1, routed)           1.967     3.455    clk_IBUF
    BUFGCTRL_X0Y16       BUFG (Prop_bufg_I_O)         0.096     3.551 r  clk_IBUF_BUFG_inst/O
                         net (fo=80, routed)          1.564     5.116    Inst_Debounce/CLK
    SLICE_X10Y34         FDRE                                         r  Inst_Debounce/s_cnt_reg[6]/C
  -------------------------------------------------------------------    -------------------
    SLICE_X10Y34         FDRE (Prop_fdre_C_Q)         0.518     5.634 f  Inst_Debounce/s_cnt_reg[6]/Q
                         net (fo=2, routed)           0.979     6.613    Inst_Debounce/s_cnt_reg[6]
    SLICE_X11Y35         LUT6 (Prop_lut6_I0_O)        0.124     6.737 r  Inst_Debounce/s_cnt[0]_i_5/O
                         net (fo=1, routed)           0.797     7.534    Inst_Debounce/s_cnt[0]_i_5_n_0
    SLICE_X11Y34         LUT6 (Prop_lut6_I0_O)        0.124     7.658 r  Inst_Debounce/s_cnt[0]_i_3__0/O
                         net (fo=2, routed)           0.812     8.470    Inst_Debounce/s_debounced
    SLICE_X8Y34          LUT3 (Prop_lut3_I2_O)        0.152     8.622 r  Inst_Debounce/s_cnt[0]_i_1__0/O
                         net (fo=17, routed)          0.663     9.285    Inst_Debounce/s_cnt[0]_i_1__0_n_0
    SLICE_X10Y36         FDRE                                         r  Inst_Debounce/s_cnt_reg[12]/R
  -------------------------------------------------------------------    -------------------

                         (clock sys_clk_pin rise edge)
                                                     10.000    10.000 r  
    E3                                                0.000    10.000 r  clk (IN)
                         net (fo=0)                   0.000    10.000    clk
    E3                   IBUF (Prop_ibuf_I_O)         1.418    11.418 r  clk_IBUF_inst/O
                         net (fo=1, routed)           1.862    13.280    clk_IBUF
    BUFGCTRL_X0Y16       BUFG (Prop_bufg_I_O)         0.091    13.371 r  clk_IBUF_BUFG_inst/O
                         net (fo=80, routed)          1.449    14.821    Inst_Debounce/CLK
    SLICE_X10Y36         FDRE                                         r  Inst_Debounce/s_cnt_reg[12]/C
                         clock pessimism              0.272    15.093    
                         clock uncertainty           -0.035    15.057    
    SLICE_X10Y36         FDRE (Setup_fdre_C_R)       -0.748    14.309    Inst_Debounce/s_cnt_reg[12]
  -------------------------------------------------------------------
                         required time                         14.309    
                         arrival time                          -9.285    
  -------------------------------------------------------------------
                         slack                                  5.024    

Slack (MET) :             5.024ns  (required time - arrival time)
  Source:                 Inst_Debounce/s_cnt_reg[6]/C
                            (rising edge-triggered cell FDRE clocked by sys_clk_pin  {rise@0.000ns fall@5.000ns period=10.000ns})
  Destination:            Inst_Debounce/s_cnt_reg[13]/R
                            (rising edge-triggered cell FDRE clocked by sys_clk_pin  {rise@0.000ns fall@5.000ns period=10.000ns})
  Path Group:             sys_clk_pin
  Path Type:              Setup (Max at Slow Process Corner)
  Requirement:            10.000ns  (sys_clk_pin rise@10.000ns - sys_clk_pin rise@0.000ns)
  Data Path Delay:        4.169ns  (logic 0.918ns (22.019%)  route 3.251ns (77.981%))
  Logic Levels:           3  (LUT3=1 LUT6=2)
  Clock Path Skew:        -0.023ns (DCD - SCD + CPR)
    Destination Clock Delay (DCD):    4.821ns = ( 14.821 - 10.000 ) 
    Source Clock Delay      (SCD):    5.116ns
    Clock Pessimism Removal (CPR):    0.272ns
  Clock Uncertainty:      0.035ns  ((TSJ^2 + TIJ^2)^1/2 + DJ) / 2 + PE
    Total System Jitter     (TSJ):    0.071ns
    Total Input Jitter      (TIJ):    0.000ns
    Discrete Jitter          (DJ):    0.000ns
    Phase Error              (PE):    0.000ns

    Location             Delay type                Incr(ns)  Path(ns)    Netlist Resource(s)
  -------------------------------------------------------------------    -------------------
                         (clock sys_clk_pin rise edge)
                                                      0.000     0.000 r  
    E3                                                0.000     0.000 r  clk (IN)
                         net (fo=0)                   0.000     0.000    clk
    E3                   IBUF (Prop_ibuf_I_O)         1.489     1.489 r  clk_IBUF_inst/O
                         net (fo=1, routed)           1.967     3.455    clk_IBUF
    BUFGCTRL_X0Y16       BUFG (Prop_bufg_I_O)         0.096     3.551 r  clk_IBUF_BUFG_inst/O
                         net (fo=80, routed)          1.564     5.116    Inst_Debounce/CLK
    SLICE_X10Y34         FDRE                                         r  Inst_Debounce/s_cnt_reg[6]/C
  -------------------------------------------------------------------    -------------------
    SLICE_X10Y34         FDRE (Prop_fdre_C_Q)         0.518     5.634 f  Inst_Debounce/s_cnt_reg[6]/Q
                         net (fo=2, routed)           0.979     6.613    Inst_Debounce/s_cnt_reg[6]
    SLICE_X11Y35         LUT6 (Prop_lut6_I0_O)        0.124     6.737 r  Inst_Debounce/s_cnt[0]_i_5/O
                         net (fo=1, routed)           0.797     7.534    Inst_Debounce/s_cnt[0]_i_5_n_0
    SLICE_X11Y34         LUT6 (Prop_lut6_I0_O)        0.124     7.658 r  Inst_Debounce/s_cnt[0]_i_3__0/O
                         net (fo=2, routed)           0.812     8.470    Inst_Debounce/s_debounced
    SLICE_X8Y34          LUT3 (Prop_lut3_I2_O)        0.152     8.622 r  Inst_Debounce/s_cnt[0]_i_1__0/O
                         net (fo=17, routed)          0.663     9.285    Inst_Debounce/s_cnt[0]_i_1__0_n_0
    SLICE_X10Y36         FDRE                                         r  Inst_Debounce/s_cnt_reg[13]/R
  -------------------------------------------------------------------    -------------------

                         (clock sys_clk_pin rise edge)
                                                     10.000    10.000 r  
    E3                                                0.000    10.000 r  clk (IN)
                         net (fo=0)                   0.000    10.000    clk
    E3                   IBUF (Prop_ibuf_I_O)         1.418    11.418 r  clk_IBUF_inst/O
                         net (fo=1, routed)           1.862    13.280    clk_IBUF
    BUFGCTRL_X0Y16       BUFG (Prop_bufg_I_O)         0.091    13.371 r  clk_IBUF_BUFG_inst/O
                         net (fo=80, routed)          1.449    14.821    Inst_Debounce/CLK
    SLICE_X10Y36         FDRE                                         r  Inst_Debounce/s_cnt_reg[13]/C
                         clock pessimism              0.272    15.093    
                         clock uncertainty           -0.035    15.057    
    SLICE_X10Y36         FDRE (Setup_fdre_C_R)       -0.748    14.309    Inst_Debounce/s_cnt_reg[13]
  -------------------------------------------------------------------
                         required time                         14.309    
                         arrival time                          -9.285    
  -------------------------------------------------------------------
                         slack                                  5.024    

Slack (MET) :             5.024ns  (required time - arrival time)
  Source:                 Inst_Debounce/s_cnt_reg[6]/C
                            (rising edge-triggered cell FDRE clocked by sys_clk_pin  {rise@0.000ns fall@5.000ns period=10.000ns})
  Destination:            Inst_Debounce/s_cnt_reg[14]/R
                            (rising edge-triggered cell FDRE clocked by sys_clk_pin  {rise@0.000ns fall@5.000ns period=10.000ns})
  Path Group:             sys_clk_pin
  Path Type:              Setup (Max at Slow Process Corner)
  Requirement:            10.000ns  (sys_clk_pin rise@10.000ns - sys_clk_pin rise@0.000ns)
  Data Path Delay:        4.169ns  (logic 0.918ns (22.019%)  route 3.251ns (77.981%))
  Logic Levels:           3  (LUT3=1 LUT6=2)
  Clock Path Skew:        -0.023ns (DCD - SCD + CPR)
    Destination Clock Delay (DCD):    4.821ns = ( 14.821 - 10.000 ) 
    Source Clock Delay      (SCD):    5.116ns
    Clock Pessimism Removal (CPR):    0.272ns
  Clock Uncertainty:      0.035ns  ((TSJ^2 + TIJ^2)^1/2 + DJ) / 2 + PE
    Total System Jitter     (TSJ):    0.071ns
    Total Input Jitter      (TIJ):    0.000ns
    Discrete Jitter          (DJ):    0.000ns
    Phase Error              (PE):    0.000ns

    Location             Delay type                Incr(ns)  Path(ns)    Netlist Resource(s)
  -------------------------------------------------------------------    -------------------
                         (clock sys_clk_pin rise edge)
                                                      0.000     0.000 r  
    E3                                                0.000     0.000 r  clk (IN)
                         net (fo=0)                   0.000     0.000    clk
    E3                   IBUF (Prop_ibuf_I_O)         1.489     1.489 r  clk_IBUF_inst/O
                         net (fo=1, routed)           1.967     3.455    clk_IBUF
    BUFGCTRL_X0Y16       BUFG (Prop_bufg_I_O)         0.096     3.551 r  clk_IBUF_BUFG_inst/O
                         net (fo=80, routed)          1.564     5.116    Inst_Debounce/CLK
    SLICE_X10Y34         FDRE                                         r  Inst_Debounce/s_cnt_reg[6]/C
  -------------------------------------------------------------------    -------------------
    SLICE_X10Y34         FDRE (Prop_fdre_C_Q)         0.518     5.634 f  Inst_Debounce/s_cnt_reg[6]/Q
                         net (fo=2, routed)           0.979     6.613    Inst_Debounce/s_cnt_reg[6]
    SLICE_X11Y35         LUT6 (Prop_lut6_I0_O)        0.124     6.737 r  Inst_Debounce/s_cnt[0]_i_5/O
                         net (fo=1, routed)           0.797     7.534    Inst_Debounce/s_cnt[0]_i_5_n_0
    SLICE_X11Y34         LUT6 (Prop_lut6_I0_O)        0.124     7.658 r  Inst_Debounce/s_cnt[0]_i_3__0/O
                         net (fo=2, routed)           0.812     8.470    Inst_Debounce/s_debounced
    SLICE_X8Y34          LUT3 (Prop_lut3_I2_O)        0.152     8.622 r  Inst_Debounce/s_cnt[0]_i_1__0/O
                         net (fo=17, routed)          0.663     9.285    Inst_Debounce/s_cnt[0]_i_1__0_n_0
    SLICE_X10Y36         FDRE                                         r  Inst_Debounce/s_cnt_reg[14]/R
  -------------------------------------------------------------------    -------------------

                         (clock sys_clk_pin rise edge)
                                                     10.000    10.000 r  
    E3                                                0.000    10.000 r  clk (IN)
                         net (fo=0)                   0.000    10.000    clk
    E3                   IBUF (Prop_ibuf_I_O)         1.418    11.418 r  clk_IBUF_inst/O
                         net (fo=1, routed)           1.862    13.280    clk_IBUF
    BUFGCTRL_X0Y16       BUFG (Prop_bufg_I_O)         0.091    13.371 r  clk_IBUF_BUFG_inst/O
                         net (fo=80, routed)          1.449    14.821    Inst_Debounce/CLK
    SLICE_X10Y36         FDRE                                         r  Inst_Debounce/s_cnt_reg[14]/C
                         clock pessimism              0.272    15.093    
                         clock uncertainty           -0.035    15.057    
    SLICE_X10Y36         FDRE (Setup_fdre_C_R)       -0.748    14.309    Inst_Debounce/s_cnt_reg[14]
  -------------------------------------------------------------------
                         required time                         14.309    
                         arrival time                          -9.285    
  -------------------------------------------------------------------
                         slack                                  5.024    

Slack (MET) :             5.024ns  (required time - arrival time)
  Source:                 Inst_Debounce/s_cnt_reg[6]/C
                            (rising edge-triggered cell FDRE clocked by sys_clk_pin  {rise@0.000ns fall@5.000ns period=10.000ns})
  Destination:            Inst_Debounce/s_cnt_reg[15]/R
                            (rising edge-triggered cell FDRE clocked by sys_clk_pin  {rise@0.000ns fall@5.000ns period=10.000ns})
  Path Group:             sys_clk_pin
  Path Type:              Setup (Max at Slow Process Corner)
  Requirement:            10.000ns  (sys_clk_pin rise@10.000ns - sys_clk_pin rise@0.000ns)
  Data Path Delay:        4.169ns  (logic 0.918ns (22.019%)  route 3.251ns (77.981%))
  Logic Levels:           3  (LUT3=1 LUT6=2)
  Clock Path Skew:        -0.023ns (DCD - SCD + CPR)
    Destination Clock Delay (DCD):    4.821ns = ( 14.821 - 10.000 ) 
    Source Clock Delay      (SCD):    5.116ns
    Clock Pessimism Removal (CPR):    0.272ns
  Clock Uncertainty:      0.035ns  ((TSJ^2 + TIJ^2)^1/2 + DJ) / 2 + PE
    Total System Jitter     (TSJ):    0.071ns
    Total Input Jitter      (TIJ):    0.000ns
    Discrete Jitter          (DJ):    0.000ns
    Phase Error              (PE):    0.000ns

    Location             Delay type                Incr(ns)  Path(ns)    Netlist Resource(s)
  -------------------------------------------------------------------    -------------------
                         (clock sys_clk_pin rise edge)
                                                      0.000     0.000 r  
    E3                                                0.000     0.000 r  clk (IN)
                         net (fo=0)                   0.000     0.000    clk
    E3                   IBUF (Prop_ibuf_I_O)         1.489     1.489 r  clk_IBUF_inst/O
                         net (fo=1, routed)           1.967     3.455    clk_IBUF
    BUFGCTRL_X0Y16       BUFG (Prop_bufg_I_O)         0.096     3.551 r  clk_IBUF_BUFG_inst/O
                         net (fo=80, routed)          1.564     5.116    Inst_Debounce/CLK
    SLICE_X10Y34         FDRE                                         r  Inst_Debounce/s_cnt_reg[6]/C
  -------------------------------------------------------------------    -------------------
    SLICE_X10Y34         FDRE (Prop_fdre_C_Q)         0.518     5.634 f  Inst_Debounce/s_cnt_reg[6]/Q
                         net (fo=2, routed)           0.979     6.613    Inst_Debounce/s_cnt_reg[6]
    SLICE_X11Y35         LUT6 (Prop_lut6_I0_O)        0.124     6.737 r  Inst_Debounce/s_cnt[0]_i_5/O
                         net (fo=1, routed)           0.797     7.534    Inst_Debounce/s_cnt[0]_i_5_n_0
    SLICE_X11Y34         LUT6 (Prop_lut6_I0_O)        0.124     7.658 r  Inst_Debounce/s_cnt[0]_i_3__0/O
                         net (fo=2, routed)           0.812     8.470    Inst_Debounce/s_debounced
    SLICE_X8Y34          LUT3 (Prop_lut3_I2_O)        0.152     8.622 r  Inst_Debounce/s_cnt[0]_i_1__0/O
                         net (fo=17, routed)          0.663     9.285    Inst_Debounce/s_cnt[0]_i_1__0_n_0
    SLICE_X10Y36         FDRE                                         r  Inst_Debounce/s_cnt_reg[15]/R
  -------------------------------------------------------------------    -------------------

                         (clock sys_clk_pin rise edge)
                                                     10.000    10.000 r  
    E3                                                0.000    10.000 r  clk (IN)
                         net (fo=0)                   0.000    10.000    clk
    E3                   IBUF (Prop_ibuf_I_O)         1.418    11.418 r  clk_IBUF_inst/O
                         net (fo=1, routed)           1.862    13.280    clk_IBUF
    BUFGCTRL_X0Y16       BUFG (Prop_bufg_I_O)         0.091    13.371 r  clk_IBUF_BUFG_inst/O
                         net (fo=80, routed)          1.449    14.821    Inst_Debounce/CLK
    SLICE_X10Y36         FDRE                                         r  Inst_Debounce/s_cnt_reg[15]/C
                         clock pessimism              0.272    15.093    
                         clock uncertainty           -0.035    15.057    
    SLICE_X10Y36         FDRE (Setup_fdre_C_R)       -0.748    14.309    Inst_Debounce/s_cnt_reg[15]
  -------------------------------------------------------------------
                         required time                         14.309    
                         arrival time                          -9.285    
  -------------------------------------------------------------------
                         slack                                  5.024    

Slack (MET) :             5.104ns  (required time - arrival time)
  Source:                 Inst_Debounce/s_cnt_reg[6]/C
                            (rising edge-triggered cell FDRE clocked by sys_clk_pin  {rise@0.000ns fall@5.000ns period=10.000ns})
  Destination:            Inst_Debounce/s_cnt_reg[0]/R
                            (rising edge-triggered cell FDRE clocked by sys_clk_pin  {rise@0.000ns fall@5.000ns period=10.000ns})
  Path Group:             sys_clk_pin
  Path Type:              Setup (Max at Slow Process Corner)
  Requirement:            10.000ns  (sys_clk_pin rise@10.000ns - sys_clk_pin rise@0.000ns)
  Data Path Delay:        4.087ns  (logic 0.918ns (22.461%)  route 3.169ns (77.539%))
  Logic Levels:           3  (LUT3=1 LUT6=2)
  Clock Path Skew:        -0.025ns (DCD - SCD + CPR)
    Destination Clock Delay (DCD):    4.819ns = ( 14.819 - 10.000 ) 
    Source Clock Delay      (SCD):    5.116ns
    Clock Pessimism Removal (CPR):    0.272ns
  Clock Uncertainty:      0.035ns  ((TSJ^2 + TIJ^2)^1/2 + DJ) / 2 + PE
    Total System Jitter     (TSJ):    0.071ns
    Total Input Jitter      (TIJ):    0.000ns
    Discrete Jitter          (DJ):    0.000ns
    Phase Error              (PE):    0.000ns

    Location             Delay type                Incr(ns)  Path(ns)    Netlist Resource(s)
  -------------------------------------------------------------------    -------------------
                         (clock sys_clk_pin rise edge)
                                                      0.000     0.000 r  
    E3                                                0.000     0.000 r  clk (IN)
                         net (fo=0)                   0.000     0.000    clk
    E3                   IBUF (Prop_ibuf_I_O)         1.489     1.489 r  clk_IBUF_inst/O
                         net (fo=1, routed)           1.967     3.455    clk_IBUF
    BUFGCTRL_X0Y16       BUFG (Prop_bufg_I_O)         0.096     3.551 r  clk_IBUF_BUFG_inst/O
                         net (fo=80, routed)          1.564     5.116    Inst_Debounce/CLK
    SLICE_X10Y34         FDRE                                         r  Inst_Debounce/s_cnt_reg[6]/C
  -------------------------------------------------------------------    -------------------
    SLICE_X10Y34         FDRE (Prop_fdre_C_Q)         0.518     5.634 f  Inst_Debounce/s_cnt_reg[6]/Q
                         net (fo=2, routed)           0.979     6.613    Inst_Debounce/s_cnt_reg[6]
    SLICE_X11Y35         LUT6 (Prop_lut6_I0_O)        0.124     6.737 r  Inst_Debounce/s_cnt[0]_i_5/O
                         net (fo=1, routed)           0.797     7.534    Inst_Debounce/s_cnt[0]_i_5_n_0
    SLICE_X11Y34         LUT6 (Prop_lut6_I0_O)        0.124     7.658 r  Inst_Debounce/s_cnt[0]_i_3__0/O
                         net (fo=2, routed)           0.812     8.470    Inst_Debounce/s_debounced
    SLICE_X8Y34          LUT3 (Prop_lut3_I2_O)        0.152     8.622 r  Inst_Debounce/s_cnt[0]_i_1__0/O
                         net (fo=17, routed)          0.581     9.203    Inst_Debounce/s_cnt[0]_i_1__0_n_0
    SLICE_X10Y33         FDRE                                         r  Inst_Debounce/s_cnt_reg[0]/R
  -------------------------------------------------------------------    -------------------

                         (clock sys_clk_pin rise edge)
                                                     10.000    10.000 r  
    E3                                                0.000    10.000 r  clk (IN)
                         net (fo=0)                   0.000    10.000    clk
    E3                   IBUF (Prop_ibuf_I_O)         1.418    11.418 r  clk_IBUF_inst/O
                         net (fo=1, routed)           1.862    13.280    clk_IBUF
    BUFGCTRL_X0Y16       BUFG (Prop_bufg_I_O)         0.091    13.371 r  clk_IBUF_BUFG_inst/O
                         net (fo=80, routed)          1.447    14.819    Inst_Debounce/CLK
    SLICE_X10Y33         FDRE                                         r  Inst_Debounce/s_cnt_reg[0]/C
                         clock pessimism              0.272    15.091    
                         clock uncertainty           -0.035    15.055    
    SLICE_X10Y33         FDRE (Setup_fdre_C_R)       -0.748    14.307    Inst_Debounce/s_cnt_reg[0]
  -------------------------------------------------------------------
                         required time                         14.307    
                         arrival time                          -9.203    
  -------------------------------------------------------------------
                         slack                                  5.104    





Min Delay Paths
--------------------------------------------------------------------------------------
Slack (MET) :             0.181ns  (arrival time - required time)
  Source:                 Inst_Debounce/s_sync_reg[0]/C
                            (rising edge-triggered cell FDRE clocked by sys_clk_pin  {rise@0.000ns fall@5.000ns period=10.000ns})
  Destination:            Inst_Debounce/s_sync_reg[1]/D
                            (rising edge-triggered cell FDRE clocked by sys_clk_pin  {rise@0.000ns fall@5.000ns period=10.000ns})
  Path Group:             sys_clk_pin
  Path Type:              Hold (Min at Fast Process Corner)
  Requirement:            0.000ns  (sys_clk_pin rise@0.000ns - sys_clk_pin rise@0.000ns)
  Data Path Delay:        0.257ns  (logic 0.141ns (54.812%)  route 0.116ns (45.188%))
  Logic Levels:           0  
  Clock Path Skew:        0.016ns (DCD - SCD - CPR)
    Destination Clock Delay (DCD):    1.990ns
    Source Clock Delay      (SCD):    1.475ns
    Clock Pessimism Removal (CPR):    0.499ns

    Location             Delay type                Incr(ns)  Path(ns)    Netlist Resource(s)
  -------------------------------------------------------------------    -------------------
                         (clock sys_clk_pin rise edge)
                                                      0.000     0.000 r  
    E3                                                0.000     0.000 r  clk (IN)
                         net (fo=0)                   0.000     0.000    clk
    E3                   IBUF (Prop_ibuf_I_O)         0.257     0.257 r  clk_IBUF_inst/O
                         net (fo=1, routed)           0.631     0.888    clk_IBUF
    BUFGCTRL_X0Y16       BUFG (Prop_bufg_I_O)         0.026     0.914 r  clk_IBUF_BUFG_inst/O
                         net (fo=80, routed)          0.562     1.475    Inst_Debounce/CLK
    SLICE_X9Y32          FDRE                                         r  Inst_Debounce/s_sync_reg[0]/C
  -------------------------------------------------------------------    -------------------
    SLICE_X9Y32          FDRE (Prop_fdre_C_Q)         0.141     1.616 r  Inst_Debounce/s_sync_reg[0]/Q
                         net (fo=1, routed)           0.116     1.733    Inst_Debounce/s_sync_reg_n_0_[0]
    SLICE_X8Y34          FDRE                                         r  Inst_Debounce/s_sync_reg[1]/D
  -------------------------------------------------------------------    -------------------

                         (clock sys_clk_pin rise edge)
                                                      0.000     0.000 r  
    E3                                                0.000     0.000 r  clk (IN)
                         net (fo=0)                   0.000     0.000    clk
    E3                   IBUF (Prop_ibuf_I_O)         0.445     0.445 r  clk_IBUF_inst/O
                         net (fo=1, routed)           0.685     1.129    clk_IBUF
    BUFGCTRL_X0Y16       BUFG (Prop_bufg_I_O)         0.029     1.158 r  clk_IBUF_BUFG_inst/O
                         net (fo=80, routed)          0.832     1.990    Inst_Debounce/CLK
    SLICE_X8Y34          FDRE                                         r  Inst_Debounce/s_sync_reg[1]/C
                         clock pessimism             -0.499     1.491    
    SLICE_X8Y34          FDRE (Hold_fdre_C_D)         0.060     1.551    Inst_Debounce/s_sync_reg[1]
  -------------------------------------------------------------------
                         required time                         -1.551    
                         arrival time                           1.733    
  -------------------------------------------------------------------
                         slack                                  0.181    

Slack (MET) :             0.185ns  (arrival time - required time)
  Source:                 Inst_Debounce/s_sync_reg[1]/C
                            (rising edge-triggered cell FDRE clocked by sys_clk_pin  {rise@0.000ns fall@5.000ns period=10.000ns})
  Destination:            Inst_Debounce/s_debounced_reg/D
                            (rising edge-triggered cell FDRE clocked by sys_clk_pin  {rise@0.000ns fall@5.000ns period=10.000ns})
  Path Group:             sys_clk_pin
  Path Type:              Hold (Min at Fast Process Corner)
  Requirement:            0.000ns  (sys_clk_pin rise@0.000ns - sys_clk_pin rise@0.000ns)
  Data Path Delay:        0.305ns  (logic 0.246ns (80.588%)  route 0.059ns (19.412%))
  Logic Levels:           1  (LUT3=1)
  Clock Path Skew:        0.000ns (DCD - SCD - CPR)
    Destination Clock Delay (DCD):    1.990ns
    Source Clock Delay      (SCD):    1.477ns
    Clock Pessimism Removal (CPR):    0.513ns

    Location             Delay type                Incr(ns)  Path(ns)    Netlist Resource(s)
  -------------------------------------------------------------------    -------------------
                         (clock sys_clk_pin rise edge)
                                                      0.000     0.000 r  
    E3                                                0.000     0.000 r  clk (IN)
                         net (fo=0)                   0.000     0.000    clk
    E3                   IBUF (Prop_ibuf_I_O)         0.257     0.257 r  clk_IBUF_inst/O
                         net (fo=1, routed)           0.631     0.888    clk_IBUF
    BUFGCTRL_X0Y16       BUFG (Prop_bufg_I_O)         0.026     0.914 r  clk_IBUF_BUFG_inst/O
                         net (fo=80, routed)          0.564     1.477    Inst_Debounce/CLK
    SLICE_X8Y34          FDRE                                         r  Inst_Debounce/s_sync_reg[1]/C
  -------------------------------------------------------------------    -------------------
    SLICE_X8Y34          FDRE (Prop_fdre_C_Q)         0.148     1.625 r  Inst_Debounce/s_sync_reg[1]/Q
                         net (fo=1, routed)           0.059     1.685    Inst_Debounce/p_0_in
    SLICE_X8Y34          LUT3 (Prop_lut3_I0_O)        0.098     1.783 r  Inst_Debounce/s_debounced_i_1/O
                         net (fo=1, routed)           0.000     1.783    Inst_Debounce/s_debounced_i_1_n_0
    SLICE_X8Y34          FDRE                                         r  Inst_Debounce/s_debounced_reg/D
  -------------------------------------------------------------------    -------------------

                         (clock sys_clk_pin rise edge)
                                                      0.000     0.000 r  
    E3                                                0.000     0.000 r  clk (IN)
                         net (fo=0)                   0.000     0.000    clk
    E3                   IBUF (Prop_ibuf_I_O)         0.445     0.445 r  clk_IBUF_inst/O
                         net (fo=1, routed)           0.685     1.129    clk_IBUF
    BUFGCTRL_X0Y16       BUFG (Prop_bufg_I_O)         0.029     1.158 r  clk_IBUF_BUFG_inst/O
                         net (fo=80, routed)          0.832     1.990    Inst_Debounce/CLK
    SLICE_X8Y34          FDRE                                         r  Inst_Debounce/s_debounced_reg/C
                         clock pessimism             -0.513     1.477    
    SLICE_X8Y34          FDRE (Hold_fdre_C_D)         0.120     1.597    Inst_Debounce/s_debounced_reg
  -------------------------------------------------------------------
                         required time                         -1.597    
                         arrival time                           1.783    
  -------------------------------------------------------------------
                         slack                                  0.185    

Slack (MET) :             0.189ns  (arrival time - required time)
  Source:                 Inst_Random/s_reg_reg[4]/C
                            (rising edge-triggered cell FDRE clocked by sys_clk_pin  {rise@0.000ns fall@5.000ns period=10.000ns})
  Destination:            s_current_target_reg[0]/D
                            (rising edge-triggered cell FDRE clocked by sys_clk_pin  {rise@0.000ns fall@5.000ns period=10.000ns})
  Path Group:             sys_clk_pin
  Path Type:              Hold (Min at Fast Process Corner)
  Requirement:            0.000ns  (sys_clk_pin rise@0.000ns - sys_clk_pin rise@0.000ns)
  Data Path Delay:        0.262ns  (logic 0.141ns (53.808%)  route 0.121ns (46.192%))
  Logic Levels:           0  
  Clock Path Skew:        0.013ns (DCD - SCD - CPR)
    Destination Clock Delay (DCD):    1.988ns
    Source Clock Delay      (SCD):    1.475ns
    Clock Pessimism Removal (CPR):    0.500ns

    Location             Delay type                Incr(ns)  Path(ns)    Netlist Resource(s)
  -------------------------------------------------------------------    -------------------
                         (clock sys_clk_pin rise edge)
                                                      0.000     0.000 r  
    E3                                                0.000     0.000 r  clk (IN)
                         net (fo=0)                   0.000     0.000    clk
    E3                   IBUF (Prop_ibuf_I_O)         0.257     0.257 r  clk_IBUF_inst/O
                         net (fo=1, routed)           0.631     0.888    clk_IBUF
    BUFGCTRL_X0Y16       BUFG (Prop_bufg_I_O)         0.026     0.914 r  clk_IBUF_BUFG_inst/O
                         net (fo=80, routed)          0.562     1.475    Inst_Random/CLK
    SLICE_X9Y32          FDRE                                         r  Inst_Random/s_reg_reg[4]/C
  -------------------------------------------------------------------    -------------------
    SLICE_X9Y32          FDRE (Prop_fdre_C_Q)         0.141     1.616 r  Inst_Random/s_reg_reg[4]/Q
                         net (fo=3, routed)           0.121     1.737    s_reg[4]
    SLICE_X8Y32          FDRE                                         r  s_current_target_reg[0]/D
  -------------------------------------------------------------------    -------------------

                         (clock sys_clk_pin rise edge)
                                                      0.000     0.000 r  
    E3                                                0.000     0.000 r  clk (IN)
                         net (fo=0)                   0.000     0.000    clk
    E3                   IBUF (Prop_ibuf_I_O)         0.445     0.445 r  clk_IBUF_inst/O
                         net (fo=1, routed)           0.685     1.129    clk_IBUF
    BUFGCTRL_X0Y16       BUFG (Prop_bufg_I_O)         0.029     1.158 r  clk_IBUF_BUFG_inst/O
                         net (fo=80, routed)          0.830     1.988    clk_IBUF_BUFG
    SLICE_X8Y32          FDRE                                         r  s_current_target_reg[0]/C
                         clock pessimism             -0.500     1.488    
    SLICE_X8Y32          FDRE (Hold_fdre_C_D)         0.060     1.548    s_current_target_reg[0]
  -------------------------------------------------------------------
                         required time                         -1.548    
                         arrival time                           1.737    
  -------------------------------------------------------------------
                         slack                                  0.189    

Slack (MET) :             0.190ns  (arrival time - required time)
  Source:                 Inst_Random/s_reg_reg[0]/C
                            (rising edge-triggered cell FDSE clocked by sys_clk_pin  {rise@0.000ns fall@5.000ns period=10.000ns})
  Destination:            Inst_Random/s_reg_reg[1]/D
                            (rising edge-triggered cell FDSE clocked by sys_clk_pin  {rise@0.000ns fall@5.000ns period=10.000ns})
  Path Group:             sys_clk_pin
  Path Type:              Hold (Min at Fast Process Corner)
  Requirement:            0.000ns  (sys_clk_pin rise@0.000ns - sys_clk_pin rise@0.000ns)
  Data Path Delay:        0.264ns  (logic 0.141ns (53.387%)  route 0.123ns (46.613%))
  Logic Levels:           0  
  Clock Path Skew:        0.015ns (DCD - SCD - CPR)
    Destination Clock Delay (DCD):    1.989ns
    Source Clock Delay      (SCD):    1.475ns
    Clock Pessimism Removal (CPR):    0.499ns

    Location             Delay type                Incr(ns)  Path(ns)    Netlist Resource(s)
  -------------------------------------------------------------------    -------------------
                         (clock sys_clk_pin rise edge)
                                                      0.000     0.000 r  
    E3                                                0.000     0.000 r  clk (IN)
                         net (fo=0)                   0.000     0.000    clk
    E3                   IBUF (Prop_ibuf_I_O)         0.257     0.257 r  clk_IBUF_inst/O
                         net (fo=1, routed)           0.631     0.888    clk_IBUF
    BUFGCTRL_X0Y16       BUFG (Prop_bufg_I_O)         0.026     0.914 r  clk_IBUF_BUFG_inst/O
                         net (fo=80, routed)          0.562     1.475    Inst_Random/CLK
    SLICE_X9Y32          FDSE                                         r  Inst_Random/s_reg_reg[0]/C
  -------------------------------------------------------------------    -------------------
    SLICE_X9Y32          FDSE (Prop_fdse_C_Q)         0.141     1.616 r  Inst_Random/s_reg_reg[0]/Q
                         net (fo=2, routed)           0.123     1.739    Inst_Random/s_reg[0]
    SLICE_X8Y33          FDSE                                         r  Inst_Random/s_reg_reg[1]/D
  -------------------------------------------------------------------    -------------------

                         (clock sys_clk_pin rise edge)
                                                      0.000     0.000 r  
    E3                                                0.000     0.000 r  clk (IN)
                         net (fo=0)                   0.000     0.000    clk
    E3                   IBUF (Prop_ibuf_I_O)         0.445     0.445 r  clk_IBUF_inst/O
                         net (fo=1, routed)           0.685     1.129    clk_IBUF
    BUFGCTRL_X0Y16       BUFG (Prop_bufg_I_O)         0.029     1.158 r  clk_IBUF_BUFG_inst/O
                         net (fo=80, routed)          0.831     1.989    Inst_Random/CLK
    SLICE_X8Y33          FDSE                                         r  Inst_Random/s_reg_reg[1]/C
                         clock pessimism             -0.499     1.490    
    SLICE_X8Y33          FDSE (Hold_fdse_C_D)         0.059     1.549    Inst_Random/s_reg_reg[1]
  -------------------------------------------------------------------
                         required time                         -1.549    
                         arrival time                           1.739    
  -------------------------------------------------------------------
                         slack                                  0.190    

Slack (MET) :             0.216ns  (arrival time - required time)
  Source:                 Inst_Random/s_reg_reg[2]/C
                            (rising edge-triggered cell FDRE clocked by sys_clk_pin  {rise@0.000ns fall@5.000ns period=10.000ns})
  Destination:            Inst_Random/s_reg_reg[3]/D
                            (rising edge-triggered cell FDSE clocked by sys_clk_pin  {rise@0.000ns fall@5.000ns period=10.000ns})
  Path Group:             sys_clk_pin
  Path Type:              Hold (Min at Fast Process Corner)
  Requirement:            0.000ns  (sys_clk_pin rise@0.000ns - sys_clk_pin rise@0.000ns)
  Data Path Delay:        0.276ns  (logic 0.164ns (59.375%)  route 0.112ns (40.625%))
  Logic Levels:           0  
  Clock Path Skew:        0.013ns (DCD - SCD - CPR)
    Destination Clock Delay (DCD):    1.988ns
    Source Clock Delay      (SCD):    1.476ns
    Clock Pessimism Removal (CPR):    0.499ns

    Location             Delay type                Incr(ns)  Path(ns)    Netlist Resource(s)
  -------------------------------------------------------------------    -------------------
                         (clock sys_clk_pin rise edge)
                                                      0.000     0.000 r  
    E3                                                0.000     0.000 r  clk (IN)
                         net (fo=0)                   0.000     0.000    clk
    E3                   IBUF (Prop_ibuf_I_O)         0.257     0.257 r  clk_IBUF_inst/O
                         net (fo=1, routed)           0.631     0.888    clk_IBUF
    BUFGCTRL_X0Y16       BUFG (Prop_bufg_I_O)         0.026     0.914 r  clk_IBUF_BUFG_inst/O
                         net (fo=80, routed)          0.563     1.476    Inst_Random/CLK
    SLICE_X8Y33          FDRE                                         r  Inst_Random/s_reg_reg[2]/C
  -------------------------------------------------------------------    -------------------
    SLICE_X8Y33          FDRE (Prop_fdre_C_Q)         0.164     1.640 r  Inst_Random/s_reg_reg[2]/Q
                         net (fo=2, routed)           0.112     1.753    Inst_Random/s_reg[2]
    SLICE_X9Y32          FDSE                                         r  Inst_Random/s_reg_reg[3]/D
  -------------------------------------------------------------------    -------------------

                         (clock sys_clk_pin rise edge)
                                                      0.000     0.000 r  
    E3                                                0.000     0.000 r  clk (IN)
                         net (fo=0)                   0.000     0.000    clk
    E3                   IBUF (Prop_ibuf_I_O)         0.445     0.445 r  clk_IBUF_inst/O
                         net (fo=1, routed)           0.685     1.129    clk_IBUF
    BUFGCTRL_X0Y16       BUFG (Prop_bufg_I_O)         0.029     1.158 r  clk_IBUF_BUFG_inst/O
                         net (fo=80, routed)          0.830     1.988    Inst_Random/CLK
    SLICE_X9Y32          FDSE                                         r  Inst_Random/s_reg_reg[3]/C
                         clock pessimism             -0.499     1.489    
    SLICE_X9Y32          FDSE (Hold_fdse_C_D)         0.047     1.536    Inst_Random/s_reg_reg[3]
  -------------------------------------------------------------------
                         required time                         -1.536    
                         arrival time                           1.753    
  -------------------------------------------------------------------
                         slack                                  0.216    

Slack (MET) :             0.221ns  (arrival time - required time)
  Source:                 Inst_Clock/ce_1ms_reg/C
                            (rising edge-triggered cell FDRE clocked by sys_clk_pin  {rise@0.000ns fall@5.000ns period=10.000ns})
  Destination:            Inst_Mux/cnt_reg[2]/D
                            (rising edge-triggered cell FDRE clocked by sys_clk_pin  {rise@0.000ns fall@5.000ns period=10.000ns})
  Path Group:             sys_clk_pin
  Path Type:              Hold (Min at Fast Process Corner)
  Requirement:            0.000ns  (sys_clk_pin rise@0.000ns - sys_clk_pin rise@0.000ns)
  Data Path Delay:        0.367ns  (logic 0.212ns (57.707%)  route 0.155ns (42.293%))
  Logic Levels:           1  (LUT4=1)
  Clock Path Skew:        0.015ns (DCD - SCD - CPR)
    Destination Clock Delay (DCD):    2.019ns
    Source Clock Delay      (SCD):    1.504ns
    Clock Pessimism Removal (CPR):    0.500ns

    Location             Delay type                Incr(ns)  Path(ns)    Netlist Resource(s)
  -------------------------------------------------------------------    -------------------
                         (clock sys_clk_pin rise edge)
                                                      0.000     0.000 r  
    E3                                                0.000     0.000 r  clk (IN)
                         net (fo=0)                   0.000     0.000    clk
    E3                   IBUF (Prop_ibuf_I_O)         0.257     0.257 r  clk_IBUF_inst/O
                         net (fo=1, routed)           0.631     0.888    clk_IBUF
    BUFGCTRL_X0Y16       BUFG (Prop_bufg_I_O)         0.026     0.914 r  clk_IBUF_BUFG_inst/O
                         net (fo=80, routed)          0.591     1.504    Inst_Clock/CLK
    SLICE_X6Y34          FDRE                                         r  Inst_Clock/ce_1ms_reg/C
  -------------------------------------------------------------------    -------------------
    SLICE_X6Y34          FDRE (Prop_fdre_C_Q)         0.164     1.668 r  Inst_Clock/ce_1ms_reg/Q
                         net (fo=5, routed)           0.155     1.824    Inst_Mux/s_ce_1ms
    SLICE_X6Y35          LUT4 (Prop_lut4_I2_O)        0.048     1.872 r  Inst_Mux/cnt[2]_i_1/O
                         net (fo=1, routed)           0.000     1.872    Inst_Mux/cnt[2]_i_1_n_0
    SLICE_X6Y35          FDRE                                         r  Inst_Mux/cnt_reg[2]/D
  -------------------------------------------------------------------    -------------------

                         (clock sys_clk_pin rise edge)
                                                      0.000     0.000 r  
    E3                                                0.000     0.000 r  clk (IN)
                         net (fo=0)                   0.000     0.000    clk
    E3                   IBUF (Prop_ibuf_I_O)         0.445     0.445 r  clk_IBUF_inst/O
                         net (fo=1, routed)           0.685     1.129    clk_IBUF
    BUFGCTRL_X0Y16       BUFG (Prop_bufg_I_O)         0.029     1.158 r  clk_IBUF_BUFG_inst/O
                         net (fo=80, routed)          0.861     2.019    Inst_Mux/CLK
    SLICE_X6Y35          FDRE                                         r  Inst_Mux/cnt_reg[2]/C
                         clock pessimism             -0.500     1.519    
    SLICE_X6Y35          FDRE (Hold_fdre_C_D)         0.131     1.650    Inst_Mux/cnt_reg[2]
  -------------------------------------------------------------------
                         required time                         -1.650    
                         arrival time                           1.872    
  -------------------------------------------------------------------
                         slack                                  0.221    

Slack (MET) :             0.227ns  (arrival time - required time)
  Source:                 Inst_Random/s_reg_reg[6]/C
                            (rising edge-triggered cell FDRE clocked by sys_clk_pin  {rise@0.000ns fall@5.000ns period=10.000ns})
  Destination:            s_current_target_reg[2]/D
                            (rising edge-triggered cell FDRE clocked by sys_clk_pin  {rise@0.000ns fall@5.000ns period=10.000ns})
  Path Group:             sys_clk_pin
  Path Type:              Hold (Min at Fast Process Corner)
  Requirement:            0.000ns  (sys_clk_pin rise@0.000ns - sys_clk_pin rise@0.000ns)
  Data Path Delay:        0.251ns  (logic 0.128ns (50.941%)  route 0.123ns (49.059%))
  Logic Levels:           0  
  Clock Path Skew:        0.013ns (DCD - SCD - CPR)
    Destination Clock Delay (DCD):    1.988ns
    Source Clock Delay      (SCD):    1.475ns
    Clock Pessimism Removal (CPR):    0.500ns

    Location             Delay type                Incr(ns)  Path(ns)    Netlist Resource(s)
  -------------------------------------------------------------------    -------------------
                         (clock sys_clk_pin rise edge)
                                                      0.000     0.000 r  
    E3                                                0.000     0.000 r  clk (IN)
                         net (fo=0)                   0.000     0.000    clk
    E3                   IBUF (Prop_ibuf_I_O)         0.257     0.257 r  clk_IBUF_inst/O
                         net (fo=1, routed)           0.631     0.888    clk_IBUF
    BUFGCTRL_X0Y16       BUFG (Prop_bufg_I_O)         0.026     0.914 r  clk_IBUF_BUFG_inst/O
                         net (fo=80, routed)          0.562     1.475    Inst_Random/CLK
    SLICE_X9Y32          FDRE                                         r  Inst_Random/s_reg_reg[6]/C
  -------------------------------------------------------------------    -------------------
    SLICE_X9Y32          FDRE (Prop_fdre_C_Q)         0.128     1.603 r  Inst_Random/s_reg_reg[6]/Q
                         net (fo=2, routed)           0.123     1.727    s_reg[6]
    SLICE_X8Y32          FDRE                                         r  s_current_target_reg[2]/D
  -------------------------------------------------------------------    -------------------

                         (clock sys_clk_pin rise edge)
                                                      0.000     0.000 r  
    E3                                                0.000     0.000 r  clk (IN)
                         net (fo=0)                   0.000     0.000    clk
    E3                   IBUF (Prop_ibuf_I_O)         0.445     0.445 r  clk_IBUF_inst/O
                         net (fo=1, routed)           0.685     1.129    clk_IBUF
    BUFGCTRL_X0Y16       BUFG (Prop_bufg_I_O)         0.029     1.158 r  clk_IBUF_BUFG_inst/O
                         net (fo=80, routed)          0.830     1.988    clk_IBUF_BUFG
    SLICE_X8Y32          FDRE                                         r  s_current_target_reg[2]/C
                         clock pessimism             -0.500     1.488    
    SLICE_X8Y32          FDRE (Hold_fdre_C_D)         0.011     1.499    s_current_target_reg[2]
  -------------------------------------------------------------------
                         required time                         -1.499    
                         arrival time                           1.727    
  -------------------------------------------------------------------
                         slack                                  0.227    

Slack (MET) :             0.229ns  (arrival time - required time)
  Source:                 Inst_Clock/ce_1ms_reg/C
                            (rising edge-triggered cell FDRE clocked by sys_clk_pin  {rise@0.000ns fall@5.000ns period=10.000ns})
  Destination:            Inst_Mux/cnt_reg[1]/D
                            (rising edge-triggered cell FDRE clocked by sys_clk_pin  {rise@0.000ns fall@5.000ns period=10.000ns})
  Path Group:             sys_clk_pin
  Path Type:              Hold (Min at Fast Process Corner)
  Requirement:            0.000ns  (sys_clk_pin rise@0.000ns - sys_clk_pin rise@0.000ns)
  Data Path Delay:        0.364ns  (logic 0.209ns (57.359%)  route 0.155ns (42.641%))
  Logic Levels:           1  (LUT3=1)
  Clock Path Skew:        0.015ns (DCD - SCD - CPR)
    Destination Clock Delay (DCD):    2.019ns
    Source Clock Delay      (SCD):    1.504ns
    Clock Pessimism Removal (CPR):    0.500ns

    Location             Delay type                Incr(ns)  Path(ns)    Netlist Resource(s)
  -------------------------------------------------------------------    -------------------
                         (clock sys_clk_pin rise edge)
                                                      0.000     0.000 r  
    E3                                                0.000     0.000 r  clk (IN)
                         net (fo=0)                   0.000     0.000    clk
    E3                   IBUF (Prop_ibuf_I_O)         0.257     0.257 r  clk_IBUF_inst/O
                         net (fo=1, routed)           0.631     0.888    clk_IBUF
    BUFGCTRL_X0Y16       BUFG (Prop_bufg_I_O)         0.026     0.914 r  clk_IBUF_BUFG_inst/O
                         net (fo=80, routed)          0.591     1.504    Inst_Clock/CLK
    SLICE_X6Y34          FDRE                                         r  Inst_Clock/ce_1ms_reg/C
  -------------------------------------------------------------------    -------------------
    SLICE_X6Y34          FDRE (Prop_fdre_C_Q)         0.164     1.668 r  Inst_Clock/ce_1ms_reg/Q
                         net (fo=5, routed)           0.155     1.824    Inst_Mux/s_ce_1ms
    SLICE_X6Y35          LUT3 (Prop_lut3_I1_O)        0.045     1.869 r  Inst_Mux/cnt[1]_i_1/O
                         net (fo=1, routed)           0.000     1.869    Inst_Mux/cnt[1]_i_1_n_0
    SLICE_X6Y35          FDRE                                         r  Inst_Mux/cnt_reg[1]/D
  -------------------------------------------------------------------    -------------------

                         (clock sys_clk_pin rise edge)
                                                      0.000     0.000 r  
    E3                                                0.000     0.000 r  clk (IN)
                         net (fo=0)                   0.000     0.000    clk
    E3                   IBUF (Prop_ibuf_I_O)         0.445     0.445 r  clk_IBUF_inst/O
                         net (fo=1, routed)           0.685     1.129    clk_IBUF
    BUFGCTRL_X0Y16       BUFG (Prop_bufg_I_O)         0.029     1.158 r  clk_IBUF_BUFG_inst/O
                         net (fo=80, routed)          0.861     2.019    Inst_Mux/CLK
    SLICE_X6Y35          FDRE                                         r  Inst_Mux/cnt_reg[1]/C
                         clock pessimism             -0.500     1.519    
    SLICE_X6Y35          FDRE (Hold_fdre_C_D)         0.120     1.639    Inst_Mux/cnt_reg[1]
  -------------------------------------------------------------------
                         required time                         -1.639    
                         arrival time                           1.869    
  -------------------------------------------------------------------
                         slack                                  0.229    

Slack (MET) :             0.239ns  (arrival time - required time)
  Source:                 Inst_Game/FSM_onehot_state_reg[2]/C
                            (rising edge-triggered cell FDRE clocked by sys_clk_pin  {rise@0.000ns fall@5.000ns period=10.000ns})
  Destination:            Inst_Game/s_ms_divider_reg[1]/D
                            (rising edge-triggered cell FDRE clocked by sys_clk_pin  {rise@0.000ns fall@5.000ns period=10.000ns})
  Path Group:             sys_clk_pin
  Path Type:              Hold (Min at Fast Process Corner)
  Requirement:            0.000ns  (sys_clk_pin rise@0.000ns - sys_clk_pin rise@0.000ns)
  Data Path Delay:        0.385ns  (logic 0.187ns (48.603%)  route 0.198ns (51.397%))
  Logic Levels:           1  (LUT3=1)
  Clock Path Skew:        0.013ns (DCD - SCD - CPR)
    Destination Clock Delay (DCD):    2.016ns
    Source Clock Delay      (SCD):    1.502ns
    Clock Pessimism Removal (CPR):    0.501ns

    Location             Delay type                Incr(ns)  Path(ns)    Netlist Resource(s)
  -------------------------------------------------------------------    -------------------
                         (clock sys_clk_pin rise edge)
                                                      0.000     0.000 r  
    E3                                                0.000     0.000 r  clk (IN)
                         net (fo=0)                   0.000     0.000    clk
    E3                   IBUF (Prop_ibuf_I_O)         0.257     0.257 r  clk_IBUF_inst/O
                         net (fo=1, routed)           0.631     0.888    clk_IBUF
    BUFGCTRL_X0Y16       BUFG (Prop_bufg_I_O)         0.026     0.914 r  clk_IBUF_BUFG_inst/O
                         net (fo=80, routed)          0.589     1.502    Inst_Game/CLK
    SLICE_X7Y32          FDRE                                         r  Inst_Game/FSM_onehot_state_reg[2]/C
  -------------------------------------------------------------------    -------------------
    SLICE_X7Y32          FDRE (Prop_fdre_C_Q)         0.141     1.643 r  Inst_Game/FSM_onehot_state_reg[2]/Q
                         net (fo=17, routed)          0.198     1.841    Inst_Game/FSM_onehot_state_reg_n_0_[2]
    SLICE_X6Y32          LUT3 (Prop_lut3_I1_O)        0.046     1.887 r  Inst_Game/s_ms_divider[1]_i_1/O
                         net (fo=1, routed)           0.000     1.887    Inst_Game/s_ms_divider[1]_i_1_n_0
    SLICE_X6Y32          FDRE                                         r  Inst_Game/s_ms_divider_reg[1]/D
  -------------------------------------------------------------------    -------------------

                         (clock sys_clk_pin rise edge)
                                                      0.000     0.000 r  
    E3                                                0.000     0.000 r  clk (IN)
                         net (fo=0)                   0.000     0.000    clk
    E3                   IBUF (Prop_ibuf_I_O)         0.445     0.445 r  clk_IBUF_inst/O
                         net (fo=1, routed)           0.685     1.129    clk_IBUF
    BUFGCTRL_X0Y16       BUFG (Prop_bufg_I_O)         0.029     1.158 r  clk_IBUF_BUFG_inst/O
                         net (fo=80, routed)          0.858     2.016    Inst_Game/CLK
    SLICE_X6Y32          FDRE                                         r  Inst_Game/s_ms_divider_reg[1]/C
                         clock pessimism             -0.501     1.515    
    SLICE_X6Y32          FDRE (Hold_fdre_C_D)         0.133     1.648    Inst_Game/s_ms_divider_reg[1]
  -------------------------------------------------------------------
                         required time                         -1.648    
                         arrival time                           1.887    
  -------------------------------------------------------------------
                         slack                                  0.239    

Slack (MET) :             0.239ns  (arrival time - required time)
  Source:                 Inst_Game/FSM_onehot_state_reg[2]/C
                            (rising edge-triggered cell FDRE clocked by sys_clk_pin  {rise@0.000ns fall@5.000ns period=10.000ns})
  Destination:            Inst_Game/s_ms_divider_reg[2]/D
                            (rising edge-triggered cell FDRE clocked by sys_clk_pin  {rise@0.000ns fall@5.000ns period=10.000ns})
  Path Group:             sys_clk_pin
  Path Type:              Hold (Min at Fast Process Corner)
  Requirement:            0.000ns  (sys_clk_pin rise@0.000ns - sys_clk_pin rise@0.000ns)
  Data Path Delay:        0.385ns  (logic 0.188ns (48.863%)  route 0.197ns (51.137%))
  Logic Levels:           1  (LUT5=1)
  Clock Path Skew:        0.013ns (DCD - SCD - CPR)
    Destination Clock Delay (DCD):    2.016ns
    Source Clock Delay      (SCD):    1.502ns
    Clock Pessimism Removal (CPR):    0.501ns

    Location             Delay type                Incr(ns)  Path(ns)    Netlist Resource(s)
  -------------------------------------------------------------------    -------------------
                         (clock sys_clk_pin rise edge)
                                                      0.000     0.000 r  
    E3                                                0.000     0.000 r  clk (IN)
                         net (fo=0)                   0.000     0.000    clk
    E3                   IBUF (Prop_ibuf_I_O)         0.257     0.257 r  clk_IBUF_inst/O
                         net (fo=1, routed)           0.631     0.888    clk_IBUF
    BUFGCTRL_X0Y16       BUFG (Prop_bufg_I_O)         0.026     0.914 r  clk_IBUF_BUFG_inst/O
                         net (fo=80, routed)          0.589     1.502    Inst_Game/CLK
    SLICE_X7Y32          FDRE                                         r  Inst_Game/FSM_onehot_state_reg[2]/C
  -------------------------------------------------------------------    -------------------
    SLICE_X7Y32          FDRE (Prop_fdre_C_Q)         0.141     1.643 r  Inst_Game/FSM_onehot_state_reg[2]/Q
                         net (fo=17, routed)          0.197     1.840    Inst_Game/FSM_onehot_state_reg_n_0_[2]
    SLICE_X6Y32          LUT5 (Prop_lut5_I1_O)        0.047     1.887 r  Inst_Game/s_ms_divider[2]_i_1/O
                         net (fo=1, routed)           0.000     1.887    Inst_Game/s_ms_divider[2]_i_1_n_0
    SLICE_X6Y32          FDRE                                         r  Inst_Game/s_ms_divider_reg[2]/D
  -------------------------------------------------------------------    -------------------

                         (clock sys_clk_pin rise edge)
                                                      0.000     0.000 r  
    E3                                                0.000     0.000 r  clk (IN)
                         net (fo=0)                   0.000     0.000    clk
    E3                   IBUF (Prop_ibuf_I_O)         0.445     0.445 r  clk_IBUF_inst/O
                         net (fo=1, routed)           0.685     1.129    clk_IBUF
    BUFGCTRL_X0Y16       BUFG (Prop_bufg_I_O)         0.029     1.158 r  clk_IBUF_BUFG_inst/O
                         net (fo=80, routed)          0.858     2.016    Inst_Game/CLK
    SLICE_X6Y32          FDRE                                         r  Inst_Game/s_ms_divider_reg[2]/C
                         clock pessimism             -0.501     1.515    
    SLICE_X6Y32          FDRE (Hold_fdre_C_D)         0.133     1.648    Inst_Game/s_ms_divider_reg[2]
  -------------------------------------------------------------------
                         required time                         -1.648    
                         arrival time                           1.887    
  -------------------------------------------------------------------
                         slack                                  0.239    





Pulse Width Checks
--------------------------------------------------------------------------------------
Clock Name:         sys_clk_pin
Waveform(ns):       { 0.000 5.000 }
Period(ns):         10.000
Sources:            { clk }

Check Type        Corner  Lib Pin  Reference Pin  Required(ns)  Actual(ns)  Slack(ns)  Location        Pin
Min Period        n/a     BUFG/I   n/a            2.155         10.000      7.845      BUFGCTRL_X0Y16  clk_IBUF_BUFG_inst/I
Min Period        n/a     FDRE/C   n/a            1.000         10.000      9.000      SLICE_X8Y32     s_current_target_reg[0]/C
Min Period        n/a     FDRE/C   n/a            1.000         10.000      9.000      SLICE_X8Y32     s_current_target_reg[1]/C
Min Period        n/a     FDRE/C   n/a            1.000         10.000      9.000      SLICE_X8Y32     s_current_target_reg[2]/C
Min Period        n/a     FDRE/C   n/a            1.000         10.000      9.000      SLICE_X8Y32     s_current_target_reg[3]/C
Min Period        n/a     FDRE/C   n/a            1.000         10.000      9.000      SLICE_X8Y32     s_current_target_reg[4]/C
Min Period        n/a     FDRE/C   n/a            1.000         10.000      9.000      SLICE_X8Y32     s_current_target_reg[5]/C
Min Period        n/a     FDRE/C   n/a            1.000         10.000      9.000      SLICE_X8Y32     s_current_target_reg[6]/C
Min Period        n/a     FDRE/C   n/a            1.000         10.000      9.000      SLICE_X8Y32     s_current_target_reg[7]/C
Min Period        n/a     FDRE/C   n/a            1.000         10.000      9.000      SLICE_X2Y32     s_in_run_reg/C
Low Pulse Width   Slow    FDRE/C   n/a            0.500         5.000       4.500      SLICE_X8Y32     s_current_target_reg[0]/C
Low Pulse Width   Fast    FDRE/C   n/a            0.500         5.000       4.500      SLICE_X8Y32     s_current_target_reg[0]/C
Low Pulse Width   Slow    FDRE/C   n/a            0.500         5.000       4.500      SLICE_X8Y32     s_current_target_reg[1]/C
Low Pulse Width   Fast    FDRE/C   n/a            0.500         5.000       4.500      SLICE_X8Y32     s_current_target_reg[1]/C
Low Pulse Width   Slow    FDRE/C   n/a            0.500         5.000       4.500      SLICE_X8Y32     s_current_target_reg[2]/C
Low Pulse Width   Fast    FDRE/C   n/a            0.500         5.000       4.500      SLICE_X8Y32     s_current_target_reg[2]/C
Low Pulse Width   Slow    FDRE/C   n/a            0.500         5.000       4.500      SLICE_X8Y32     s_current_target_reg[3]/C
Low Pulse Width   Fast    FDRE/C   n/a            0.500         5.000       4.500      SLICE_X8Y32     s_current_target_reg[3]/C
Low Pulse Width   Slow    FDRE/C   n/a            0.500         5.000       4.500      SLICE_X8Y32     s_current_target_reg[4]/C
Low Pulse Width   Fast    FDRE/C   n/a            0.500         5.000       4.500      SLICE_X8Y32     s_current_target_reg[4]/C
High Pulse Width  Slow    FDRE/C   n/a            0.500         5.000       4.500      SLICE_X8Y32     s_current_target_reg[0]/C
High Pulse Width  Fast    FDRE/C   n/a            0.500         5.000       4.500      SLICE_X8Y32     s_current_target_reg[0]/C
High Pulse Width  Slow    FDRE/C   n/a            0.500         5.000       4.500      SLICE_X8Y32     s_current_target_reg[1]/C
High Pulse Width  Fast    FDRE/C   n/a            0.500         5.000       4.500      SLICE_X8Y32     s_current_target_reg[1]/C
High Pulse Width  Slow    FDRE/C   n/a            0.500         5.000       4.500      SLICE_X8Y32     s_current_target_reg[2]/C
High Pulse Width  Fast    FDRE/C   n/a            0.500         5.000       4.500      SLICE_X8Y32     s_current_target_reg[2]/C
High Pulse Width  Slow    FDRE/C   n/a            0.500         5.000       4.500      SLICE_X8Y32     s_current_target_reg[3]/C
High Pulse Width  Fast    FDRE/C   n/a            0.500         5.000       4.500      SLICE_X8Y32     s_current_target_reg[3]/C
High Pulse Width  Slow    FDRE/C   n/a            0.500         5.000       4.500      SLICE_X8Y32     s_current_target_reg[4]/C
High Pulse Width  Fast    FDRE/C   n/a            0.500         5.000       4.500      SLICE_X8Y32     s_current_target_reg[4]/C



--------------------------------------------------------------------------------------
Path Group:  (none)
From Clock:  
  To Clock:  

Max Delay            15 Endpoints
Min Delay            15 Endpoints
--------------------------------------------------------------------------------------


Max Delay Paths
--------------------------------------------------------------------------------------
Slack:                    inf
  Source:                 sw[0]
                            (input port)
  Destination:            seg[5]
                            (output port)
  Path Group:             (none)
  Path Type:              Max at Slow Process Corner
  Data Path Delay:        16.201ns  (logic 6.728ns (41.532%)  route 9.472ns (58.468%))
  Logic Levels:           9  (CARRY4=1 IBUF=1 LUT1=1 LUT4=1 LUT6=4 OBUF=1)

    Location             Delay type                Incr(ns)  Path(ns)    Netlist Resource(s)
  -------------------------------------------------------------------    -------------------
    J15                                               0.000     0.000 f  sw[0] (IN)
                         net (fo=0)                   0.000     0.000    sw[0]
    J15                  IBUF (Prop_ibuf_I_O)         1.491     1.491 f  sw_IBUF[0]_inst/O
                         net (fo=5, routed)           1.703     3.194    Inst_BIN2BCD_SW/led_OBUF[0]
    SLICE_X1Y34          LUT1 (Prop_lut1_I0_O)        0.124     3.318 r  Inst_BIN2BCD_SW/ten1_carry_i_4__0/O
                         net (fo=1, routed)           0.000     3.318    Inst_BIN2BCD_SW/ten1_carry_i_4__0_n_0
    SLICE_X1Y34          CARRY4 (Prop_carry4_S[0]_O[2])
                                                      0.547     3.865 r  Inst_BIN2BCD_SW/ten1_carry/O[2]
                         net (fo=7, routed)           1.502     5.367    Inst_BIN2BCD_SW/ten1_carry_n_5
    SLICE_X2Y38          LUT6 (Prop_lut6_I4_O)        0.302     5.669 r  Inst_BIN2BCD_SW/seg_OBUF[6]_inst_i_44/O
                         net (fo=2, routed)           0.799     6.468    Inst_BIN2BCD_SW/s_sw_t[0]
    SLICE_X0Y36          LUT6 (Prop_lut6_I5_O)        0.124     6.592 r  Inst_BIN2BCD_SW/seg_OBUF[6]_inst_i_63/O
                         net (fo=1, routed)           0.805     7.397    Inst_Game/seg_OBUF[6]_inst_i_5_0
    SLICE_X4Y36          LUT6 (Prop_lut6_I5_O)        0.124     7.521 r  Inst_Game/seg_OBUF[6]_inst_i_25/O
                         net (fo=1, routed)           0.402     7.924    Inst_Mux/seg_OBUF[2]_inst_i_1_0
    SLICE_X5Y36          LUT6 (Prop_lut6_I4_O)        0.124     8.048 r  Inst_Mux/seg_OBUF[6]_inst_i_5/O
                         net (fo=7, routed)           1.177     9.224    Inst_Game/seg[0][0]
    SLICE_X0Y37          LUT4 (Prop_lut4_I3_O)        0.154     9.378 r  Inst_Game/seg_OBUF[5]_inst_i_1/O
                         net (fo=1, routed)           3.084    12.462    seg_OBUF[5]
    R10                  OBUF (Prop_obuf_I_O)         3.739    16.201 r  seg_OBUF[5]_inst/O
                         net (fo=0)                   0.000    16.201    seg[5]
    R10                                                               r  seg[5] (OUT)
  -------------------------------------------------------------------    -------------------

Slack:                    inf
  Source:                 sw[0]
                            (input port)
  Destination:            seg[6]
                            (output port)
  Path Group:             (none)
  Path Type:              Max at Slow Process Corner
  Data Path Delay:        15.741ns  (logic 6.611ns (41.999%)  route 9.130ns (58.001%))
  Logic Levels:           8  (CARRY4=1 IBUF=1 LUT1=1 LUT4=1 LUT6=3 OBUF=1)

    Location             Delay type                Incr(ns)  Path(ns)    Netlist Resource(s)
  -------------------------------------------------------------------    -------------------
    J15                                               0.000     0.000 f  sw[0] (IN)
                         net (fo=0)                   0.000     0.000    sw[0]
    J15                  IBUF (Prop_ibuf_I_O)         1.491     1.491 f  sw_IBUF[0]_inst/O
                         net (fo=5, routed)           1.703     3.194    Inst_BIN2BCD_SW/led_OBUF[0]
    SLICE_X1Y34          LUT1 (Prop_lut1_I0_O)        0.124     3.318 r  Inst_BIN2BCD_SW/ten1_carry_i_4__0/O
                         net (fo=1, routed)           0.000     3.318    Inst_BIN2BCD_SW/ten1_carry_i_4__0_n_0
    SLICE_X1Y34          CARRY4 (Prop_carry4_S[0]_O[2])
                                                      0.547     3.865 r  Inst_BIN2BCD_SW/ten1_carry/O[2]
                         net (fo=7, routed)           1.502     5.367    Inst_BIN2BCD_SW/ten1_carry_n_5
    SLICE_X2Y38          LUT6 (Prop_lut6_I4_O)        0.302     5.669 r  Inst_BIN2BCD_SW/seg_OBUF[6]_inst_i_44/O
                         net (fo=2, routed)           0.821     6.490    Inst_Game/s_sw_t[0]
    SLICE_X4Y37          LUT6 (Prop_lut6_I0_O)        0.124     6.614 r  Inst_Game/seg_OBUF[6]_inst_i_14/O
                         net (fo=1, routed)           0.797     7.412    Inst_Mux/seg_OBUF[2]_inst_i_1_2
    SLICE_X5Y36          LUT6 (Prop_lut6_I3_O)        0.124     7.536 r  Inst_Mux/seg_OBUF[6]_inst_i_3/O
                         net (fo=7, routed)           1.368     8.904    Inst_Game/seg[0][1]
    SLICE_X0Y37          LUT4 (Prop_lut4_I1_O)        0.152     9.056 r  Inst_Game/seg_OBUF[6]_inst_i_1/O
                         net (fo=1, routed)           2.938    11.994    seg_OBUF[6]
    T10                  OBUF (Prop_obuf_I_O)         3.747    15.741 r  seg_OBUF[6]_inst/O
                         net (fo=0)                   0.000    15.741    seg[6]
    T10                                                               r  seg[6] (OUT)
  -------------------------------------------------------------------    -------------------

Slack:                    inf
  Source:                 sw[0]
                            (input port)
  Destination:            seg[1]
                            (output port)
  Path Group:             (none)
  Path Type:              Max at Slow Process Corner
  Data Path Delay:        15.243ns  (logic 6.372ns (41.806%)  route 8.870ns (58.194%))
  Logic Levels:           8  (CARRY4=1 IBUF=1 LUT1=1 LUT4=1 LUT6=3 OBUF=1)

    Location             Delay type                Incr(ns)  Path(ns)    Netlist Resource(s)
  -------------------------------------------------------------------    -------------------
    J15                                               0.000     0.000 f  sw[0] (IN)
                         net (fo=0)                   0.000     0.000    sw[0]
    J15                  IBUF (Prop_ibuf_I_O)         1.491     1.491 f  sw_IBUF[0]_inst/O
                         net (fo=5, routed)           1.703     3.194    Inst_BIN2BCD_SW/led_OBUF[0]
    SLICE_X1Y34          LUT1 (Prop_lut1_I0_O)        0.124     3.318 r  Inst_BIN2BCD_SW/ten1_carry_i_4__0/O
                         net (fo=1, routed)           0.000     3.318    Inst_BIN2BCD_SW/ten1_carry_i_4__0_n_0
    SLICE_X1Y34          CARRY4 (Prop_carry4_S[0]_O[2])
                                                      0.547     3.865 r  Inst_BIN2BCD_SW/ten1_carry/O[2]
                         net (fo=7, routed)           1.502     5.367    Inst_BIN2BCD_SW/ten1_carry_n_5
    SLICE_X2Y38          LUT6 (Prop_lut6_I4_O)        0.302     5.669 r  Inst_BIN2BCD_SW/seg_OBUF[6]_inst_i_44/O
                         net (fo=2, routed)           0.821     6.490    Inst_Game/s_sw_t[0]
    SLICE_X4Y37          LUT6 (Prop_lut6_I0_O)        0.124     6.614 r  Inst_Game/seg_OBUF[6]_inst_i_14/O
                         net (fo=1, routed)           0.797     7.412    Inst_Mux/seg_OBUF[2]_inst_i_1_2
    SLICE_X5Y36          LUT6 (Prop_lut6_I3_O)        0.124     7.536 r  Inst_Mux/seg_OBUF[6]_inst_i_3/O
                         net (fo=7, routed)           1.366     8.901    Inst_Game/seg[0][1]
    SLICE_X0Y37          LUT4 (Prop_lut4_I1_O)        0.124     9.025 r  Inst_Game/seg_OBUF[1]_inst_i_1/O
                         net (fo=1, routed)           2.681    11.706    seg_OBUF[1]
    T11                  OBUF (Prop_obuf_I_O)         3.536    15.243 r  seg_OBUF[1]_inst/O
                         net (fo=0)                   0.000    15.243    seg[1]
    T11                                                               r  seg[1] (OUT)
  -------------------------------------------------------------------    -------------------

Slack:                    inf
  Source:                 sw[0]
                            (input port)
  Destination:            seg[2]
                            (output port)
  Path Group:             (none)
  Path Type:              Max at Slow Process Corner
  Data Path Delay:        15.116ns  (logic 6.478ns (42.852%)  route 8.639ns (57.148%))
  Logic Levels:           9  (CARRY4=1 IBUF=1 LUT1=1 LUT4=1 LUT6=4 OBUF=1)

    Location             Delay type                Incr(ns)  Path(ns)    Netlist Resource(s)
  -------------------------------------------------------------------    -------------------
    J15                                               0.000     0.000 f  sw[0] (IN)
                         net (fo=0)                   0.000     0.000    sw[0]
    J15                  IBUF (Prop_ibuf_I_O)         1.491     1.491 f  sw_IBUF[0]_inst/O
                         net (fo=5, routed)           1.703     3.194    Inst_BIN2BCD_SW/led_OBUF[0]
    SLICE_X1Y34          LUT1 (Prop_lut1_I0_O)        0.124     3.318 r  Inst_BIN2BCD_SW/ten1_carry_i_4__0/O
                         net (fo=1, routed)           0.000     3.318    Inst_BIN2BCD_SW/ten1_carry_i_4__0_n_0
    SLICE_X1Y34          CARRY4 (Prop_carry4_S[0]_O[2])
                                                      0.547     3.865 r  Inst_BIN2BCD_SW/ten1_carry/O[2]
                         net (fo=7, routed)           1.502     5.367    Inst_BIN2BCD_SW/ten1_carry_n_5
    SLICE_X2Y38          LUT6 (Prop_lut6_I4_O)        0.302     5.669 r  Inst_BIN2BCD_SW/seg_OBUF[6]_inst_i_44/O
                         net (fo=2, routed)           0.799     6.468    Inst_BIN2BCD_SW/s_sw_t[0]
    SLICE_X0Y36          LUT6 (Prop_lut6_I5_O)        0.124     6.592 r  Inst_BIN2BCD_SW/seg_OBUF[6]_inst_i_63/O
                         net (fo=1, routed)           0.805     7.397    Inst_Game/seg_OBUF[6]_inst_i_5_0
    SLICE_X4Y36          LUT6 (Prop_lut6_I5_O)        0.124     7.521 r  Inst_Game/seg_OBUF[6]_inst_i_25/O
                         net (fo=1, routed)           0.402     7.924    Inst_Mux/seg_OBUF[2]_inst_i_1_0
    SLICE_X5Y36          LUT6 (Prop_lut6_I4_O)        0.124     8.048 r  Inst_Mux/seg_OBUF[6]_inst_i_5/O
                         net (fo=7, routed)           1.178     9.226    Inst_Game/seg[0][0]
    SLICE_X0Y37          LUT4 (Prop_lut4_I3_O)        0.124     9.350 r  Inst_Game/seg_OBUF[2]_inst_i_1/O
                         net (fo=1, routed)           2.249    11.599    seg_OBUF[2]
    P15                  OBUF (Prop_obuf_I_O)         3.518    15.116 r  seg_OBUF[2]_inst/O
                         net (fo=0)                   0.000    15.116    seg[2]
    P15                                                               r  seg[2] (OUT)
  -------------------------------------------------------------------    -------------------

Slack:                    inf
  Source:                 sw[0]
                            (input port)
  Destination:            seg[3]
                            (output port)
  Path Group:             (none)
  Path Type:              Max at Slow Process Corner
  Data Path Delay:        15.072ns  (logic 6.371ns (42.272%)  route 8.701ns (57.728%))
  Logic Levels:           8  (CARRY4=1 IBUF=1 LUT1=1 LUT4=1 LUT6=3 OBUF=1)

    Location             Delay type                Incr(ns)  Path(ns)    Netlist Resource(s)
  -------------------------------------------------------------------    -------------------
    J15                                               0.000     0.000 f  sw[0] (IN)
                         net (fo=0)                   0.000     0.000    sw[0]
    J15                  IBUF (Prop_ibuf_I_O)         1.491     1.491 f  sw_IBUF[0]_inst/O
                         net (fo=5, routed)           1.703     3.194    Inst_BIN2BCD_SW/led_OBUF[0]
    SLICE_X1Y34          LUT1 (Prop_lut1_I0_O)        0.124     3.318 r  Inst_BIN2BCD_SW/ten1_carry_i_4__0/O
                         net (fo=1, routed)           0.000     3.318    Inst_BIN2BCD_SW/ten1_carry_i_4__0_n_0
    SLICE_X1Y34          CARRY4 (Prop_carry4_S[0]_O[2])
                                                      0.547     3.865 r  Inst_BIN2BCD_SW/ten1_carry/O[2]
                         net (fo=7, routed)           1.502     5.367    Inst_BIN2BCD_SW/ten1_carry_n_5
    SLICE_X2Y38          LUT6 (Prop_lut6_I4_O)        0.302     5.669 r  Inst_BIN2BCD_SW/seg_OBUF[6]_inst_i_44/O
                         net (fo=2, routed)           0.821     6.490    Inst_Game/s_sw_t[0]
    SLICE_X4Y37          LUT6 (Prop_lut6_I0_O)        0.124     6.614 r  Inst_Game/seg_OBUF[6]_inst_i_14/O
                         net (fo=1, routed)           0.797     7.412    Inst_Mux/seg_OBUF[2]_inst_i_1_2
    SLICE_X5Y36          LUT6 (Prop_lut6_I3_O)        0.124     7.536 r  Inst_Mux/seg_OBUF[6]_inst_i_3/O
                         net (fo=7, routed)           1.368     8.904    Inst_Game/seg[0][1]
    SLICE_X0Y37          LUT4 (Prop_lut4_I1_O)        0.124     9.028 r  Inst_Game/seg_OBUF[3]_inst_i_1/O
                         net (fo=1, routed)           2.509    11.537    seg_OBUF[3]
    K13                  OBUF (Prop_obuf_I_O)         3.536    15.072 r  seg_OBUF[3]_inst/O
                         net (fo=0)                   0.000    15.072    seg[3]
    K13                                                               r  seg[3] (OUT)
  -------------------------------------------------------------------    -------------------

Slack:                    inf
  Source:                 sw[0]
                            (input port)
  Destination:            seg[4]
                            (output port)
  Path Group:             (none)
  Path Type:              Max at Slow Process Corner
  Data Path Delay:        14.954ns  (logic 6.465ns (43.236%)  route 8.488ns (56.764%))
  Logic Levels:           9  (CARRY4=1 IBUF=1 LUT1=1 LUT4=1 LUT6=4 OBUF=1)

    Location             Delay type                Incr(ns)  Path(ns)    Netlist Resource(s)
  -------------------------------------------------------------------    -------------------
    J15                                               0.000     0.000 f  sw[0] (IN)
                         net (fo=0)                   0.000     0.000    sw[0]
    J15                  IBUF (Prop_ibuf_I_O)         1.491     1.491 f  sw_IBUF[0]_inst/O
                         net (fo=5, routed)           1.703     3.194    Inst_BIN2BCD_SW/led_OBUF[0]
    SLICE_X1Y34          LUT1 (Prop_lut1_I0_O)        0.124     3.318 r  Inst_BIN2BCD_SW/ten1_carry_i_4__0/O
                         net (fo=1, routed)           0.000     3.318    Inst_BIN2BCD_SW/ten1_carry_i_4__0_n_0
    SLICE_X1Y34          CARRY4 (Prop_carry4_S[0]_O[2])
                                                      0.547     3.865 r  Inst_BIN2BCD_SW/ten1_carry/O[2]
                         net (fo=7, routed)           1.502     5.367    Inst_BIN2BCD_SW/ten1_carry_n_5
    SLICE_X2Y38          LUT6 (Prop_lut6_I4_O)        0.302     5.669 f  Inst_BIN2BCD_SW/seg_OBUF[6]_inst_i_44/O
                         net (fo=2, routed)           0.799     6.468    Inst_BIN2BCD_SW/s_sw_t[0]
    SLICE_X0Y36          LUT6 (Prop_lut6_I5_O)        0.124     6.592 f  Inst_BIN2BCD_SW/seg_OBUF[6]_inst_i_63/O
                         net (fo=1, routed)           0.805     7.397    Inst_Game/seg_OBUF[6]_inst_i_5_0
    SLICE_X4Y36          LUT6 (Prop_lut6_I5_O)        0.124     7.521 f  Inst_Game/seg_OBUF[6]_inst_i_25/O
                         net (fo=1, routed)           0.402     7.924    Inst_Mux/seg_OBUF[2]_inst_i_1_0
    SLICE_X5Y36          LUT6 (Prop_lut6_I4_O)        0.124     8.048 f  Inst_Mux/seg_OBUF[6]_inst_i_5/O
                         net (fo=7, routed)           1.177     9.224    Inst_Game/seg[0][0]
    SLICE_X0Y37          LUT4 (Prop_lut4_I3_O)        0.124     9.348 r  Inst_Game/seg_OBUF[4]_inst_i_1/O
                         net (fo=1, routed)           2.100    11.448    seg_OBUF[4]
    K16                  OBUF (Prop_obuf_I_O)         3.506    14.954 r  seg_OBUF[4]_inst/O
                         net (fo=0)                   0.000    14.954    seg[4]
    K16                                                               r  seg[4] (OUT)
  -------------------------------------------------------------------    -------------------

Slack:                    inf
  Source:                 sw[0]
                            (input port)
  Destination:            seg[0]
                            (output port)
  Path Group:             (none)
  Path Type:              Max at Slow Process Corner
  Data Path Delay:        14.512ns  (logic 6.604ns (45.510%)  route 7.907ns (54.490%))
  Logic Levels:           8  (CARRY4=1 IBUF=1 LUT1=1 LUT4=1 LUT6=3 OBUF=1)

    Location             Delay type                Incr(ns)  Path(ns)    Netlist Resource(s)
  -------------------------------------------------------------------    -------------------
    J15                                               0.000     0.000 f  sw[0] (IN)
                         net (fo=0)                   0.000     0.000    sw[0]
    J15                  IBUF (Prop_ibuf_I_O)         1.491     1.491 f  sw_IBUF[0]_inst/O
                         net (fo=5, routed)           1.703     3.194    Inst_BIN2BCD_SW/led_OBUF[0]
    SLICE_X1Y34          LUT1 (Prop_lut1_I0_O)        0.124     3.318 r  Inst_BIN2BCD_SW/ten1_carry_i_4__0/O
                         net (fo=1, routed)           0.000     3.318    Inst_BIN2BCD_SW/ten1_carry_i_4__0_n_0
    SLICE_X1Y34          CARRY4 (Prop_carry4_S[0]_O[2])
                                                      0.547     3.865 r  Inst_BIN2BCD_SW/ten1_carry/O[2]
                         net (fo=7, routed)           1.502     5.367    Inst_BIN2BCD_SW/ten1_carry_n_5
    SLICE_X2Y38          LUT6 (Prop_lut6_I4_O)        0.302     5.669 r  Inst_BIN2BCD_SW/seg_OBUF[6]_inst_i_44/O
                         net (fo=2, routed)           0.821     6.490    Inst_Game/s_sw_t[0]
    SLICE_X4Y37          LUT6 (Prop_lut6_I0_O)        0.124     6.614 r  Inst_Game/seg_OBUF[6]_inst_i_14/O
                         net (fo=1, routed)           0.797     7.412    Inst_Mux/seg_OBUF[2]_inst_i_1_2
    SLICE_X5Y36          LUT6 (Prop_lut6_I3_O)        0.124     7.536 r  Inst_Mux/seg_OBUF[6]_inst_i_3/O
                         net (fo=7, routed)           1.366     8.901    Inst_Game/seg[0][1]
    SLICE_X0Y37          LUT4 (Prop_lut4_I1_O)        0.152     9.053 r  Inst_Game/seg_OBUF[0]_inst_i_1/O
                         net (fo=1, routed)           1.718    10.771    seg_OBUF[0]
    L18                  OBUF (Prop_obuf_I_O)         3.740    14.512 r  seg_OBUF[0]_inst/O
                         net (fo=0)                   0.000    14.512    seg[0]
    L18                                                               r  seg[0] (OUT)
  -------------------------------------------------------------------    -------------------

Slack:                    inf
  Source:                 sw[7]
                            (input port)
  Destination:            led[7]
                            (output port)
  Path Group:             (none)
  Path Type:              Max at Slow Process Corner
  Data Path Delay:        8.056ns  (logic 5.023ns (62.347%)  route 3.033ns (37.653%))
  Logic Levels:           2  (IBUF=1 OBUF=1)

    Location             Delay type                Incr(ns)  Path(ns)    Netlist Resource(s)
  -------------------------------------------------------------------    -------------------
    R13                                               0.000     0.000 r  sw[7] (IN)
                         net (fo=0)                   0.000     0.000    sw[7]
    R13                  IBUF (Prop_ibuf_I_O)         1.485     1.485 r  sw_IBUF[7]_inst/O
                         net (fo=19, routed)          3.033     4.519    led_OBUF[7]
    U16                  OBUF (Prop_obuf_I_O)         3.537     8.056 r  led_OBUF[7]_inst/O
                         net (fo=0)                   0.000     8.056    led[7]
    U16                                                               r  led[7] (OUT)
  -------------------------------------------------------------------    -------------------

Slack:                    inf
  Source:                 sw[5]
                            (input port)
  Destination:            led[5]
                            (output port)
  Path Group:             (none)
  Path Type:              Max at Slow Process Corner
  Data Path Delay:        7.834ns  (logic 5.026ns (64.164%)  route 2.807ns (35.836%))
  Logic Levels:           2  (IBUF=1 OBUF=1)

    Location             Delay type                Incr(ns)  Path(ns)    Netlist Resource(s)
  -------------------------------------------------------------------    -------------------
    T18                                               0.000     0.000 r  sw[5] (IN)
                         net (fo=0)                   0.000     0.000    sw[5]
    T18                  IBUF (Prop_ibuf_I_O)         1.491     1.491 r  sw_IBUF[5]_inst/O
                         net (fo=11, routed)          2.807     4.298    led_OBUF[5]
    V17                  OBUF (Prop_obuf_I_O)         3.535     7.834 r  led_OBUF[5]_inst/O
                         net (fo=0)                   0.000     7.834    led[5]
    V17                                                               r  led[5] (OUT)
  -------------------------------------------------------------------    -------------------

Slack:                    inf
  Source:                 sw[2]
                            (input port)
  Destination:            led[2]
                            (output port)
  Path Group:             (none)
  Path Type:              Max at Slow Process Corner
  Data Path Delay:        7.712ns  (logic 5.003ns (64.874%)  route 2.709ns (35.126%))
  Logic Levels:           2  (IBUF=1 OBUF=1)

    Location             Delay type                Incr(ns)  Path(ns)    Netlist Resource(s)
  -------------------------------------------------------------------    -------------------
    M13                                               0.000     0.000 r  sw[2] (IN)
                         net (fo=0)                   0.000     0.000    sw[2]
    M13                  IBUF (Prop_ibuf_I_O)         1.470     1.470 r  sw_IBUF[2]_inst/O
                         net (fo=12, routed)          2.709     4.179    led_OBUF[2]
    J13                  OBUF (Prop_obuf_I_O)         3.533     7.712 r  led_OBUF[2]_inst/O
                         net (fo=0)                   0.000     7.712    led[2]
    J13                                                               r  led[2] (OUT)
  -------------------------------------------------------------------    -------------------





Min Delay Paths
--------------------------------------------------------------------------------------
Slack:                    inf
  Source:                 sw[6]
                            (input port)
  Destination:            led[6]
                            (output port)
  Path Group:             (none)
  Path Type:              Min at Fast Process Corner
  Data Path Delay:        1.864ns  (logic 1.490ns (79.928%)  route 0.374ns (20.072%))
  Logic Levels:           2  (IBUF=1 OBUF=1)

    Location             Delay type                Incr(ns)  Path(ns)    Netlist Resource(s)
  -------------------------------------------------------------------    -------------------
    U18                                               0.000     0.000 r  sw[6] (IN)
                         net (fo=0)                   0.000     0.000    sw[6]
    U18                  IBUF (Prop_ibuf_I_O)         0.249     0.249 r  sw_IBUF[6]_inst/O
                         net (fo=11, routed)          0.374     0.624    led_OBUF[6]
    U17                  OBUF (Prop_obuf_I_O)         1.240     1.864 r  led_OBUF[6]_inst/O
                         net (fo=0)                   0.000     1.864    led[6]
    U17                                                               r  led[6] (OUT)
  -------------------------------------------------------------------    -------------------

Slack:                    inf
  Source:                 sw[4]
                            (input port)
  Destination:            led[4]
                            (output port)
  Path Group:             (none)
  Path Type:              Min at Fast Process Corner
  Data Path Delay:        1.976ns  (logic 1.487ns (75.267%)  route 0.489ns (24.733%))
  Logic Levels:           2  (IBUF=1 OBUF=1)

    Location             Delay type                Incr(ns)  Path(ns)    Netlist Resource(s)
  -------------------------------------------------------------------    -------------------
    R17                                               0.000     0.000 r  sw[4] (IN)
                         net (fo=0)                   0.000     0.000    sw[4]
    R17                  IBUF (Prop_ibuf_I_O)         0.242     0.242 r  sw_IBUF[4]_inst/O
                         net (fo=9, routed)           0.489     0.731    led_OBUF[4]
    R18                  OBUF (Prop_obuf_I_O)         1.245     1.976 r  led_OBUF[4]_inst/O
                         net (fo=0)                   0.000     1.976    led[4]
    R18                                                               r  led[4] (OUT)
  -------------------------------------------------------------------    -------------------

Slack:                    inf
  Source:                 sw[3]
                            (input port)
  Destination:            led[3]
                            (output port)
  Path Group:             (none)
  Path Type:              Min at Fast Process Corner
  Data Path Delay:        1.981ns  (logic 1.464ns (73.885%)  route 0.517ns (26.115%))
  Logic Levels:           2  (IBUF=1 OBUF=1)

    Location             Delay type                Incr(ns)  Path(ns)    Netlist Resource(s)
  -------------------------------------------------------------------    -------------------
    R15                                               0.000     0.000 r  sw[3] (IN)
                         net (fo=0)                   0.000     0.000    sw[3]
    R15                  IBUF (Prop_ibuf_I_O)         0.237     0.237 r  sw_IBUF[3]_inst/O
                         net (fo=10, routed)          0.517     0.754    led_OBUF[3]
    N14                  OBUF (Prop_obuf_I_O)         1.227     1.981 r  led_OBUF[3]_inst/O
                         net (fo=0)                   0.000     1.981    led[3]
    N14                                                               r  led[3] (OUT)
  -------------------------------------------------------------------    -------------------

Slack:                    inf
  Source:                 sw[0]
                            (input port)
  Destination:            led[0]
                            (output port)
  Path Group:             (none)
  Path Type:              Min at Fast Process Corner
  Data Path Delay:        2.008ns  (logic 1.484ns (73.898%)  route 0.524ns (26.102%))
  Logic Levels:           2  (IBUF=1 OBUF=1)

    Location             Delay type                Incr(ns)  Path(ns)    Netlist Resource(s)
  -------------------------------------------------------------------    -------------------
    J15                                               0.000     0.000 r  sw[0] (IN)
                         net (fo=0)                   0.000     0.000    sw[0]
    J15                  IBUF (Prop_ibuf_I_O)         0.259     0.259 r  sw_IBUF[0]_inst/O
                         net (fo=5, routed)           0.524     0.783    led_OBUF[0]
    H17                  OBUF (Prop_obuf_I_O)         1.225     2.008 r  led_OBUF[0]_inst/O
                         net (fo=0)                   0.000     2.008    led[0]
    H17                                                               r  led[0] (OUT)
  -------------------------------------------------------------------    -------------------

Slack:                    inf
  Source:                 sw[1]
                            (input port)
  Destination:            led[1]
                            (output port)
  Path Group:             (none)
  Path Type:              Min at Fast Process Corner
  Data Path Delay:        2.015ns  (logic 1.496ns (74.242%)  route 0.519ns (25.758%))
  Logic Levels:           2  (IBUF=1 OBUF=1)

    Location             Delay type                Incr(ns)  Path(ns)    Netlist Resource(s)
  -------------------------------------------------------------------    -------------------
    L16                                               0.000     0.000 r  sw[1] (IN)
                         net (fo=0)                   0.000     0.000    sw[1]
    L16                  IBUF (Prop_ibuf_I_O)         0.252     0.252 r  sw_IBUF[1]_inst/O
                         net (fo=9, routed)           0.519     0.771    led_OBUF[1]
    K15                  OBUF (Prop_obuf_I_O)         1.244     2.015 r  led_OBUF[1]_inst/O
                         net (fo=0)                   0.000     2.015    led[1]
    K15                                                               r  led[1] (OUT)
  -------------------------------------------------------------------    -------------------

Slack:                    inf
  Source:                 sw[2]
                            (input port)
  Destination:            led[2]
                            (output port)
  Path Group:             (none)
  Path Type:              Min at Fast Process Corner
  Data Path Delay:        2.152ns  (logic 1.472ns (68.401%)  route 0.680ns (31.599%))
  Logic Levels:           2  (IBUF=1 OBUF=1)

    Location             Delay type                Incr(ns)  Path(ns)    Netlist Resource(s)
  -------------------------------------------------------------------    -------------------
    M13                                               0.000     0.000 r  sw[2] (IN)
                         net (fo=0)                   0.000     0.000    sw[2]
    M13                  IBUF (Prop_ibuf_I_O)         0.238     0.238 r  sw_IBUF[2]_inst/O
                         net (fo=12, routed)          0.680     0.918    led_OBUF[2]
    J13                  OBUF (Prop_obuf_I_O)         1.234     2.152 r  led_OBUF[2]_inst/O
                         net (fo=0)                   0.000     2.152    led[2]
    J13                                                               r  led[2] (OUT)
  -------------------------------------------------------------------    -------------------

Slack:                    inf
  Source:                 sw[5]
                            (input port)
  Destination:            led[5]
                            (output port)
  Path Group:             (none)
  Path Type:              Min at Fast Process Corner
  Data Path Delay:        2.347ns  (logic 1.495ns (63.691%)  route 0.852ns (36.309%))
  Logic Levels:           2  (IBUF=1 OBUF=1)

    Location             Delay type                Incr(ns)  Path(ns)    Netlist Resource(s)
  -------------------------------------------------------------------    -------------------
    T18                                               0.000     0.000 r  sw[5] (IN)
                         net (fo=0)                   0.000     0.000    sw[5]
    T18                  IBUF (Prop_ibuf_I_O)         0.259     0.259 r  sw_IBUF[5]_inst/O
                         net (fo=11, routed)          0.852     1.111    led_OBUF[5]
    V17                  OBUF (Prop_obuf_I_O)         1.236     2.347 r  led_OBUF[5]_inst/O
                         net (fo=0)                   0.000     2.347    led[5]
    V17                                                               r  led[5] (OUT)
  -------------------------------------------------------------------    -------------------

Slack:                    inf
  Source:                 sw[7]
                            (input port)
  Destination:            led[7]
                            (output port)
  Path Group:             (none)
  Path Type:              Min at Fast Process Corner
  Data Path Delay:        2.392ns  (logic 1.491ns (62.356%)  route 0.900ns (37.644%))
  Logic Levels:           2  (IBUF=1 OBUF=1)

    Location             Delay type                Incr(ns)  Path(ns)    Netlist Resource(s)
  -------------------------------------------------------------------    -------------------
    R13                                               0.000     0.000 r  sw[7] (IN)
                         net (fo=0)                   0.000     0.000    sw[7]
    R13                  IBUF (Prop_ibuf_I_O)         0.253     0.253 r  sw_IBUF[7]_inst/O
                         net (fo=19, routed)          0.900     1.153    led_OBUF[7]
    U16                  OBUF (Prop_obuf_I_O)         1.238     2.392 r  led_OBUF[7]_inst/O
                         net (fo=0)                   0.000     2.392    led[7]
    U16                                                               r  led[7] (OUT)
  -------------------------------------------------------------------    -------------------

Slack:                    inf
  Source:                 sw[0]
                            (input port)
  Destination:            seg[0]
                            (output port)
  Path Group:             (none)
  Path Type:              Min at Fast Process Corner
  Data Path Delay:        3.075ns  (logic 1.698ns (55.212%)  route 1.377ns (44.788%))
  Logic Levels:           5  (IBUF=1 LUT4=1 LUT6=2 OBUF=1)

    Location             Delay type                Incr(ns)  Path(ns)    Netlist Resource(s)
  -------------------------------------------------------------------    -------------------
    J15                                               0.000     0.000 r  sw[0] (IN)
                         net (fo=0)                   0.000     0.000    sw[0]
    J15                  IBUF (Prop_ibuf_I_O)         0.259     0.259 r  sw_IBUF[0]_inst/O
                         net (fo=5, routed)           0.667     0.925    Inst_Game/led_OBUF[0]
    SLICE_X5Y36          LUT6 (Prop_lut6_I4_O)        0.045     0.970 r  Inst_Game/seg_OBUF[6]_inst_i_24/O
                         net (fo=1, routed)           0.052     1.022    Inst_Mux/seg_OBUF[2]_inst_i_1
    SLICE_X5Y36          LUT6 (Prop_lut6_I3_O)        0.045     1.067 r  Inst_Mux/seg_OBUF[6]_inst_i_5/O
                         net (fo=7, routed)           0.297     1.364    Inst_Game/seg[0][0]
    SLICE_X0Y37          LUT4 (Prop_lut4_I2_O)        0.048     1.412 r  Inst_Game/seg_OBUF[0]_inst_i_1/O
                         net (fo=1, routed)           0.362     1.774    seg_OBUF[0]
    L18                  OBUF (Prop_obuf_I_O)         1.301     3.075 r  seg_OBUF[0]_inst/O
                         net (fo=0)                   0.000     3.075    seg[0]
    L18                                                               r  seg[0] (OUT)
  -------------------------------------------------------------------    -------------------

Slack:                    inf
  Source:                 sw[0]
                            (input port)
  Destination:            seg[4]
                            (output port)
  Path Group:             (none)
  Path Type:              Min at Fast Process Corner
  Data Path Delay:        3.260ns  (logic 1.600ns (49.083%)  route 1.660ns (50.917%))
  Logic Levels:           5  (IBUF=1 LUT4=1 LUT6=2 OBUF=1)

    Location             Delay type                Incr(ns)  Path(ns)    Netlist Resource(s)
  -------------------------------------------------------------------    -------------------
    J15                                               0.000     0.000 f  sw[0] (IN)
                         net (fo=0)                   0.000     0.000    sw[0]
    J15                  IBUF (Prop_ibuf_I_O)         0.259     0.259 f  sw_IBUF[0]_inst/O
                         net (fo=5, routed)           0.667     0.925    Inst_Game/led_OBUF[0]
    SLICE_X5Y36          LUT6 (Prop_lut6_I4_O)        0.045     0.970 f  Inst_Game/seg_OBUF[6]_inst_i_24/O
                         net (fo=1, routed)           0.052     1.022    Inst_Mux/seg_OBUF[2]_inst_i_1
    SLICE_X5Y36          LUT6 (Prop_lut6_I3_O)        0.045     1.067 f  Inst_Mux/seg_OBUF[6]_inst_i_5/O
                         net (fo=7, routed)           0.426     1.493    Inst_Game/seg[0][0]
    SLICE_X0Y37          LUT4 (Prop_lut4_I3_O)        0.045     1.538 r  Inst_Game/seg_OBUF[4]_inst_i_1/O
                         net (fo=1, routed)           0.516     2.054    seg_OBUF[4]
    K16                  OBUF (Prop_obuf_I_O)         1.207     3.260 r  seg_OBUF[4]_inst/O
                         net (fo=0)                   0.000     3.260    seg[4]
    K16                                                               r  seg[4] (OUT)
  -------------------------------------------------------------------    -------------------





--------------------------------------------------------------------------------------
Path Group:  (none)
From Clock:  sys_clk_pin
  To Clock:  

Max Delay            17 Endpoints
Min Delay            17 Endpoints
--------------------------------------------------------------------------------------


Max Delay Paths
--------------------------------------------------------------------------------------
Slack:                    inf
  Source:                 Inst_Game/s_timer_reg[8]/C
                            (rising edge-triggered cell FDRE clocked by sys_clk_pin  {rise@0.000ns fall@5.000ns period=10.000ns})
  Destination:            seg[5]
                            (output port)
  Path Group:             (none)
  Path Type:              Max at Slow Process Corner
  Data Path Delay:        17.551ns  (logic 6.268ns (35.710%)  route 11.284ns (64.290%))
  Logic Levels:           12  (CARRY4=3 LUT2=1 LUT4=1 LUT5=1 LUT6=5 OBUF=1)
  Clock Uncertainty:      0.025ns  ((TSJ^2 + TIJ^2)^1/2 + DJ) / 2 + PE
    Total System Jitter     (TSJ):    0.050ns
    Total Input Jitter      (TIJ):    0.000ns
    Discrete Jitter          (DJ):    0.000ns
    Phase Error              (PE):    0.000ns

    Location             Delay type                Incr(ns)  Path(ns)    Netlist Resource(s)
  -------------------------------------------------------------------    -------------------
                         (clock sys_clk_pin rise edge)
                                                      0.000     0.000 r  
    E3                                                0.000     0.000 r  clk (IN)
                         net (fo=0)                   0.000     0.000    clk
    E3                   IBUF (Prop_ibuf_I_O)         1.489     1.489 r  clk_IBUF_inst/O
                         net (fo=1, routed)           1.967     3.455    clk_IBUF
    BUFGCTRL_X0Y16       BUFG (Prop_bufg_I_O)         0.096     3.551 r  clk_IBUF_BUFG_inst/O
                         net (fo=80, routed)          1.630     5.182    Inst_Game/CLK
    SLICE_X5Y34          FDRE                                         r  Inst_Game/s_timer_reg[8]/C
  -------------------------------------------------------------------    -------------------
    SLICE_X5Y34          FDRE (Prop_fdre_C_Q)         0.419     5.601 r  Inst_Game/s_timer_reg[8]/Q
                         net (fo=16, routed)          1.730     7.331    Inst_Game/s_timer[8]
    SLICE_X4Y39          LUT2 (Prop_lut2_I0_O)        0.299     7.630 r  Inst_Game/time_bcd_h0_carry__0_i_1/O
                         net (fo=1, routed)           0.000     7.630    Inst_Game/time_bcd_h0_carry__0_i_1_n_0
    SLICE_X4Y39          CARRY4 (Prop_carry4_S[3]_CO[3])
                                                      0.401     8.031 r  Inst_Game/time_bcd_h0_carry__0/CO[3]
                         net (fo=1, routed)           0.000     8.031    Inst_Game/time_bcd_h0_carry__0_n_0
    SLICE_X4Y40          CARRY4 (Prop_carry4_CI_CO[3])
                                                      0.114     8.145 r  Inst_Game/time_bcd_h0_carry__1/CO[3]
                         net (fo=13, routed)          1.260     9.405    Inst_Game/time_bcd_h0_carry__1_n_0
    SLICE_X5Y40          LUT5 (Prop_lut5_I2_O)        0.124     9.529 r  Inst_Game/time_bcd_h0__14_carry__0_i_2/O
                         net (fo=2, routed)           0.806    10.335    Inst_Game/time_bcd_h0__14_carry__0_i_2_n_0
    SLICE_X5Y39          LUT6 (Prop_lut6_I0_O)        0.124    10.459 r  Inst_Game/time_bcd_h0__14_carry__0_i_6/O
                         net (fo=1, routed)           0.000    10.459    Inst_Game/time_bcd_h0__14_carry__0_i_6_n_0
    SLICE_X5Y39          CARRY4 (Prop_carry4_S[2]_CO[3])
                                                      0.398    10.857 r  Inst_Game/time_bcd_h0__14_carry__0/CO[3]
                         net (fo=2, routed)           0.956    11.813    Inst_Game/time_bcd_h0__14_carry__0_n_0
    SLICE_X5Y40          LUT6 (Prop_lut6_I5_O)        0.124    11.937 r  Inst_Game/seg_OBUF[6]_inst_i_47/O
                         net (fo=2, routed)           0.331    12.268    Inst_Mux/seg_OBUF[6]_inst_i_22_0
    SLICE_X6Y39          LUT6 (Prop_lut6_I2_O)        0.124    12.392 r  Inst_Mux/seg_OBUF[6]_inst_i_56/O
                         net (fo=1, routed)           0.811    13.203    Inst_Mux/seg_OBUF[6]_inst_i_56_n_0
    SLICE_X6Y38          LUT6 (Prop_lut6_I0_O)        0.124    13.327 r  Inst_Mux/seg_OBUF[6]_inst_i_22/O
                         net (fo=1, routed)           1.129    14.456    Inst_Mux/seg_OBUF[6]_inst_i_22_n_0
    SLICE_X5Y36          LUT6 (Prop_lut6_I0_O)        0.124    14.580 r  Inst_Mux/seg_OBUF[6]_inst_i_5/O
                         net (fo=7, routed)           1.177    15.757    Inst_Game/seg[0][0]
    SLICE_X0Y37          LUT4 (Prop_lut4_I3_O)        0.154    15.911 r  Inst_Game/seg_OBUF[5]_inst_i_1/O
                         net (fo=1, routed)           3.084    18.994    seg_OBUF[5]
    R10                  OBUF (Prop_obuf_I_O)         3.739    22.733 r  seg_OBUF[5]_inst/O
                         net (fo=0)                   0.000    22.733    seg[5]
    R10                                                               r  seg[5] (OUT)
  -------------------------------------------------------------------    -------------------

Slack:                    inf
  Source:                 Inst_Game/s_timer_reg[8]/C
                            (rising edge-triggered cell FDRE clocked by sys_clk_pin  {rise@0.000ns fall@5.000ns period=10.000ns})
  Destination:            seg[6]
                            (output port)
  Path Group:             (none)
  Path Type:              Max at Slow Process Corner
  Data Path Delay:        16.989ns  (logic 6.241ns (36.737%)  route 10.748ns (63.263%))
  Logic Levels:           12  (CARRY4=3 LUT2=1 LUT4=1 LUT5=1 LUT6=5 OBUF=1)
  Clock Uncertainty:      0.025ns  ((TSJ^2 + TIJ^2)^1/2 + DJ) / 2 + PE
    Total System Jitter     (TSJ):    0.050ns
    Total Input Jitter      (TIJ):    0.000ns
    Discrete Jitter          (DJ):    0.000ns
    Phase Error              (PE):    0.000ns

    Location             Delay type                Incr(ns)  Path(ns)    Netlist Resource(s)
  -------------------------------------------------------------------    -------------------
                         (clock sys_clk_pin rise edge)
                                                      0.000     0.000 r  
    E3                                                0.000     0.000 r  clk (IN)
                         net (fo=0)                   0.000     0.000    clk
    E3                   IBUF (Prop_ibuf_I_O)         1.489     1.489 r  clk_IBUF_inst/O
                         net (fo=1, routed)           1.967     3.455    clk_IBUF
    BUFGCTRL_X0Y16       BUFG (Prop_bufg_I_O)         0.096     3.551 r  clk_IBUF_BUFG_inst/O
                         net (fo=80, routed)          1.630     5.182    Inst_Game/CLK
    SLICE_X5Y34          FDRE                                         r  Inst_Game/s_timer_reg[8]/C
  -------------------------------------------------------------------    -------------------
    SLICE_X5Y34          FDRE (Prop_fdre_C_Q)         0.419     5.601 r  Inst_Game/s_timer_reg[8]/Q
                         net (fo=16, routed)          1.730     7.331    Inst_Game/s_timer[8]
    SLICE_X4Y39          LUT2 (Prop_lut2_I0_O)        0.299     7.630 r  Inst_Game/time_bcd_h0_carry__0_i_1/O
                         net (fo=1, routed)           0.000     7.630    Inst_Game/time_bcd_h0_carry__0_i_1_n_0
    SLICE_X4Y39          CARRY4 (Prop_carry4_S[3]_CO[3])
                                                      0.401     8.031 r  Inst_Game/time_bcd_h0_carry__0/CO[3]
                         net (fo=1, routed)           0.000     8.031    Inst_Game/time_bcd_h0_carry__0_n_0
    SLICE_X4Y40          CARRY4 (Prop_carry4_CI_CO[3])
                                                      0.114     8.145 r  Inst_Game/time_bcd_h0_carry__1/CO[3]
                         net (fo=13, routed)          1.260     9.405    Inst_Game/time_bcd_h0_carry__1_n_0
    SLICE_X5Y40          LUT5 (Prop_lut5_I2_O)        0.124     9.529 r  Inst_Game/time_bcd_h0__14_carry__0_i_2/O
                         net (fo=2, routed)           0.806    10.335    Inst_Game/time_bcd_h0__14_carry__0_i_2_n_0
    SLICE_X5Y39          LUT6 (Prop_lut6_I0_O)        0.124    10.459 r  Inst_Game/time_bcd_h0__14_carry__0_i_6/O
                         net (fo=1, routed)           0.000    10.459    Inst_Game/time_bcd_h0__14_carry__0_i_6_n_0
    SLICE_X5Y39          CARRY4 (Prop_carry4_S[2]_CO[3])
                                                      0.398    10.857 r  Inst_Game/time_bcd_h0__14_carry__0/CO[3]
                         net (fo=2, routed)           0.956    11.813    Inst_Game/time_bcd_h0__14_carry__0_n_0
    SLICE_X5Y40          LUT6 (Prop_lut6_I5_O)        0.124    11.937 r  Inst_Game/seg_OBUF[6]_inst_i_47/O
                         net (fo=2, routed)           0.331    12.268    Inst_Mux/seg_OBUF[6]_inst_i_22_0
    SLICE_X6Y39          LUT6 (Prop_lut6_I2_O)        0.124    12.392 r  Inst_Mux/seg_OBUF[6]_inst_i_56/O
                         net (fo=1, routed)           0.811    13.203    Inst_Mux/seg_OBUF[6]_inst_i_56_n_0
    SLICE_X6Y38          LUT6 (Prop_lut6_I0_O)        0.124    13.327 r  Inst_Mux/seg_OBUF[6]_inst_i_22/O
                         net (fo=1, routed)           1.129    14.456    Inst_Mux/seg_OBUF[6]_inst_i_22_n_0
    SLICE_X5Y36          LUT6 (Prop_lut6_I0_O)        0.124    14.580 r  Inst_Mux/seg_OBUF[6]_inst_i_5/O
                         net (fo=7, routed)           0.787    15.367    Inst_Game/seg[0][0]
    SLICE_X0Y37          LUT4 (Prop_lut4_I3_O)        0.119    15.486 r  Inst_Game/seg_OBUF[6]_inst_i_1/O
                         net (fo=1, routed)           2.938    18.424    seg_OBUF[6]
    T10                  OBUF (Prop_obuf_I_O)         3.747    22.171 r  seg_OBUF[6]_inst/O
                         net (fo=0)                   0.000    22.171    seg[6]
    T10                                                               r  seg[6] (OUT)
  -------------------------------------------------------------------    -------------------

Slack:                    inf
  Source:                 Inst_Game/s_timer_reg[8]/C
                            (rising edge-triggered cell FDRE clocked by sys_clk_pin  {rise@0.000ns fall@5.000ns period=10.000ns})
  Destination:            seg[1]
                            (output port)
  Path Group:             (none)
  Path Type:              Max at Slow Process Corner
  Data Path Delay:        16.522ns  (logic 6.035ns (36.530%)  route 10.487ns (63.470%))
  Logic Levels:           12  (CARRY4=3 LUT2=1 LUT4=1 LUT5=1 LUT6=5 OBUF=1)
  Clock Uncertainty:      0.025ns  ((TSJ^2 + TIJ^2)^1/2 + DJ) / 2 + PE
    Total System Jitter     (TSJ):    0.050ns
    Total Input Jitter      (TIJ):    0.000ns
    Discrete Jitter          (DJ):    0.000ns
    Phase Error              (PE):    0.000ns

    Location             Delay type                Incr(ns)  Path(ns)    Netlist Resource(s)
  -------------------------------------------------------------------    -------------------
                         (clock sys_clk_pin rise edge)
                                                      0.000     0.000 r  
    E3                                                0.000     0.000 r  clk (IN)
                         net (fo=0)                   0.000     0.000    clk
    E3                   IBUF (Prop_ibuf_I_O)         1.489     1.489 r  clk_IBUF_inst/O
                         net (fo=1, routed)           1.967     3.455    clk_IBUF
    BUFGCTRL_X0Y16       BUFG (Prop_bufg_I_O)         0.096     3.551 r  clk_IBUF_BUFG_inst/O
                         net (fo=80, routed)          1.630     5.182    Inst_Game/CLK
    SLICE_X5Y34          FDRE                                         r  Inst_Game/s_timer_reg[8]/C
  -------------------------------------------------------------------    -------------------
    SLICE_X5Y34          FDRE (Prop_fdre_C_Q)         0.419     5.601 r  Inst_Game/s_timer_reg[8]/Q
                         net (fo=16, routed)          1.730     7.331    Inst_Game/s_timer[8]
    SLICE_X4Y39          LUT2 (Prop_lut2_I0_O)        0.299     7.630 r  Inst_Game/time_bcd_h0_carry__0_i_1/O
                         net (fo=1, routed)           0.000     7.630    Inst_Game/time_bcd_h0_carry__0_i_1_n_0
    SLICE_X4Y39          CARRY4 (Prop_carry4_S[3]_CO[3])
                                                      0.401     8.031 r  Inst_Game/time_bcd_h0_carry__0/CO[3]
                         net (fo=1, routed)           0.000     8.031    Inst_Game/time_bcd_h0_carry__0_n_0
    SLICE_X4Y40          CARRY4 (Prop_carry4_CI_CO[3])
                                                      0.114     8.145 r  Inst_Game/time_bcd_h0_carry__1/CO[3]
                         net (fo=13, routed)          1.260     9.405    Inst_Game/time_bcd_h0_carry__1_n_0
    SLICE_X5Y40          LUT5 (Prop_lut5_I2_O)        0.124     9.529 r  Inst_Game/time_bcd_h0__14_carry__0_i_2/O
                         net (fo=2, routed)           0.806    10.335    Inst_Game/time_bcd_h0__14_carry__0_i_2_n_0
    SLICE_X5Y39          LUT6 (Prop_lut6_I0_O)        0.124    10.459 r  Inst_Game/time_bcd_h0__14_carry__0_i_6/O
                         net (fo=1, routed)           0.000    10.459    Inst_Game/time_bcd_h0__14_carry__0_i_6_n_0
    SLICE_X5Y39          CARRY4 (Prop_carry4_S[2]_CO[3])
                                                      0.398    10.857 r  Inst_Game/time_bcd_h0__14_carry__0/CO[3]
                         net (fo=2, routed)           0.956    11.813    Inst_Game/time_bcd_h0__14_carry__0_n_0
    SLICE_X5Y40          LUT6 (Prop_lut6_I5_O)        0.124    11.937 r  Inst_Game/seg_OBUF[6]_inst_i_47/O
                         net (fo=2, routed)           0.331    12.268    Inst_Mux/seg_OBUF[6]_inst_i_22_0
    SLICE_X6Y39          LUT6 (Prop_lut6_I2_O)        0.124    12.392 r  Inst_Mux/seg_OBUF[6]_inst_i_56/O
                         net (fo=1, routed)           0.811    13.203    Inst_Mux/seg_OBUF[6]_inst_i_56_n_0
    SLICE_X6Y38          LUT6 (Prop_lut6_I0_O)        0.124    13.327 r  Inst_Mux/seg_OBUF[6]_inst_i_22/O
                         net (fo=1, routed)           1.129    14.456    Inst_Mux/seg_OBUF[6]_inst_i_22_n_0
    SLICE_X5Y36          LUT6 (Prop_lut6_I0_O)        0.124    14.580 r  Inst_Mux/seg_OBUF[6]_inst_i_5/O
                         net (fo=7, routed)           0.783    15.363    Inst_Game/seg[0][0]
    SLICE_X0Y37          LUT4 (Prop_lut4_I2_O)        0.124    15.487 r  Inst_Game/seg_OBUF[1]_inst_i_1/O
                         net (fo=1, routed)           2.681    18.167    seg_OBUF[1]
    T11                  OBUF (Prop_obuf_I_O)         3.536    21.704 r  seg_OBUF[1]_inst/O
                         net (fo=0)                   0.000    21.704    seg[1]
    T11                                                               r  seg[1] (OUT)
  -------------------------------------------------------------------    -------------------

Slack:                    inf
  Source:                 Inst_Game/s_timer_reg[8]/C
                            (rising edge-triggered cell FDRE clocked by sys_clk_pin  {rise@0.000ns fall@5.000ns period=10.000ns})
  Destination:            seg[2]
                            (output port)
  Path Group:             (none)
  Path Type:              Max at Slow Process Corner
  Data Path Delay:        16.467ns  (logic 6.017ns (36.539%)  route 10.450ns (63.461%))
  Logic Levels:           12  (CARRY4=3 LUT2=1 LUT4=1 LUT5=1 LUT6=5 OBUF=1)
  Clock Uncertainty:      0.025ns  ((TSJ^2 + TIJ^2)^1/2 + DJ) / 2 + PE
    Total System Jitter     (TSJ):    0.050ns
    Total Input Jitter      (TIJ):    0.000ns
    Discrete Jitter          (DJ):    0.000ns
    Phase Error              (PE):    0.000ns

    Location             Delay type                Incr(ns)  Path(ns)    Netlist Resource(s)
  -------------------------------------------------------------------    -------------------
                         (clock sys_clk_pin rise edge)
                                                      0.000     0.000 r  
    E3                                                0.000     0.000 r  clk (IN)
                         net (fo=0)                   0.000     0.000    clk
    E3                   IBUF (Prop_ibuf_I_O)         1.489     1.489 r  clk_IBUF_inst/O
                         net (fo=1, routed)           1.967     3.455    clk_IBUF
    BUFGCTRL_X0Y16       BUFG (Prop_bufg_I_O)         0.096     3.551 r  clk_IBUF_BUFG_inst/O
                         net (fo=80, routed)          1.630     5.182    Inst_Game/CLK
    SLICE_X5Y34          FDRE                                         r  Inst_Game/s_timer_reg[8]/C
  -------------------------------------------------------------------    -------------------
    SLICE_X5Y34          FDRE (Prop_fdre_C_Q)         0.419     5.601 r  Inst_Game/s_timer_reg[8]/Q
                         net (fo=16, routed)          1.730     7.331    Inst_Game/s_timer[8]
    SLICE_X4Y39          LUT2 (Prop_lut2_I0_O)        0.299     7.630 r  Inst_Game/time_bcd_h0_carry__0_i_1/O
                         net (fo=1, routed)           0.000     7.630    Inst_Game/time_bcd_h0_carry__0_i_1_n_0
    SLICE_X4Y39          CARRY4 (Prop_carry4_S[3]_CO[3])
                                                      0.401     8.031 r  Inst_Game/time_bcd_h0_carry__0/CO[3]
                         net (fo=1, routed)           0.000     8.031    Inst_Game/time_bcd_h0_carry__0_n_0
    SLICE_X4Y40          CARRY4 (Prop_carry4_CI_CO[3])
                                                      0.114     8.145 r  Inst_Game/time_bcd_h0_carry__1/CO[3]
                         net (fo=13, routed)          1.260     9.405    Inst_Game/time_bcd_h0_carry__1_n_0
    SLICE_X5Y40          LUT5 (Prop_lut5_I2_O)        0.124     9.529 r  Inst_Game/time_bcd_h0__14_carry__0_i_2/O
                         net (fo=2, routed)           0.806    10.335    Inst_Game/time_bcd_h0__14_carry__0_i_2_n_0
    SLICE_X5Y39          LUT6 (Prop_lut6_I0_O)        0.124    10.459 r  Inst_Game/time_bcd_h0__14_carry__0_i_6/O
                         net (fo=1, routed)           0.000    10.459    Inst_Game/time_bcd_h0__14_carry__0_i_6_n_0
    SLICE_X5Y39          CARRY4 (Prop_carry4_S[2]_CO[3])
                                                      0.398    10.857 r  Inst_Game/time_bcd_h0__14_carry__0/CO[3]
                         net (fo=2, routed)           0.956    11.813    Inst_Game/time_bcd_h0__14_carry__0_n_0
    SLICE_X5Y40          LUT6 (Prop_lut6_I5_O)        0.124    11.937 r  Inst_Game/seg_OBUF[6]_inst_i_47/O
                         net (fo=2, routed)           0.331    12.268    Inst_Mux/seg_OBUF[6]_inst_i_22_0
    SLICE_X6Y39          LUT6 (Prop_lut6_I2_O)        0.124    12.392 r  Inst_Mux/seg_OBUF[6]_inst_i_56/O
                         net (fo=1, routed)           0.811    13.203    Inst_Mux/seg_OBUF[6]_inst_i_56_n_0
    SLICE_X6Y38          LUT6 (Prop_lut6_I0_O)        0.124    13.327 r  Inst_Mux/seg_OBUF[6]_inst_i_22/O
                         net (fo=1, routed)           1.129    14.456    Inst_Mux/seg_OBUF[6]_inst_i_22_n_0
    SLICE_X5Y36          LUT6 (Prop_lut6_I0_O)        0.124    14.580 r  Inst_Mux/seg_OBUF[6]_inst_i_5/O
                         net (fo=7, routed)           1.178    15.758    Inst_Game/seg[0][0]
    SLICE_X0Y37          LUT4 (Prop_lut4_I3_O)        0.124    15.882 r  Inst_Game/seg_OBUF[2]_inst_i_1/O
                         net (fo=1, routed)           2.249    18.131    seg_OBUF[2]
    P15                  OBUF (Prop_obuf_I_O)         3.518    21.649 r  seg_OBUF[2]_inst/O
                         net (fo=0)                   0.000    21.649    seg[2]
    P15                                                               r  seg[2] (OUT)
  -------------------------------------------------------------------    -------------------

Slack:                    inf
  Source:                 Inst_Game/s_timer_reg[8]/C
                            (rising edge-triggered cell FDRE clocked by sys_clk_pin  {rise@0.000ns fall@5.000ns period=10.000ns})
  Destination:            seg[3]
                            (output port)
  Path Group:             (none)
  Path Type:              Max at Slow Process Corner
  Data Path Delay:        16.353ns  (logic 6.035ns (36.901%)  route 10.319ns (63.099%))
  Logic Levels:           12  (CARRY4=3 LUT2=1 LUT4=1 LUT5=1 LUT6=5 OBUF=1)
  Clock Uncertainty:      0.025ns  ((TSJ^2 + TIJ^2)^1/2 + DJ) / 2 + PE
    Total System Jitter     (TSJ):    0.050ns
    Total Input Jitter      (TIJ):    0.000ns
    Discrete Jitter          (DJ):    0.000ns
    Phase Error              (PE):    0.000ns

    Location             Delay type                Incr(ns)  Path(ns)    Netlist Resource(s)
  -------------------------------------------------------------------    -------------------
                         (clock sys_clk_pin rise edge)
                                                      0.000     0.000 r  
    E3                                                0.000     0.000 r  clk (IN)
                         net (fo=0)                   0.000     0.000    clk
    E3                   IBUF (Prop_ibuf_I_O)         1.489     1.489 r  clk_IBUF_inst/O
                         net (fo=1, routed)           1.967     3.455    clk_IBUF
    BUFGCTRL_X0Y16       BUFG (Prop_bufg_I_O)         0.096     3.551 r  clk_IBUF_BUFG_inst/O
                         net (fo=80, routed)          1.630     5.182    Inst_Game/CLK
    SLICE_X5Y34          FDRE                                         r  Inst_Game/s_timer_reg[8]/C
  -------------------------------------------------------------------    -------------------
    SLICE_X5Y34          FDRE (Prop_fdre_C_Q)         0.419     5.601 r  Inst_Game/s_timer_reg[8]/Q
                         net (fo=16, routed)          1.730     7.331    Inst_Game/s_timer[8]
    SLICE_X4Y39          LUT2 (Prop_lut2_I0_O)        0.299     7.630 r  Inst_Game/time_bcd_h0_carry__0_i_1/O
                         net (fo=1, routed)           0.000     7.630    Inst_Game/time_bcd_h0_carry__0_i_1_n_0
    SLICE_X4Y39          CARRY4 (Prop_carry4_S[3]_CO[3])
                                                      0.401     8.031 r  Inst_Game/time_bcd_h0_carry__0/CO[3]
                         net (fo=1, routed)           0.000     8.031    Inst_Game/time_bcd_h0_carry__0_n_0
    SLICE_X4Y40          CARRY4 (Prop_carry4_CI_CO[3])
                                                      0.114     8.145 r  Inst_Game/time_bcd_h0_carry__1/CO[3]
                         net (fo=13, routed)          1.260     9.405    Inst_Game/time_bcd_h0_carry__1_n_0
    SLICE_X5Y40          LUT5 (Prop_lut5_I2_O)        0.124     9.529 r  Inst_Game/time_bcd_h0__14_carry__0_i_2/O
                         net (fo=2, routed)           0.806    10.335    Inst_Game/time_bcd_h0__14_carry__0_i_2_n_0
    SLICE_X5Y39          LUT6 (Prop_lut6_I0_O)        0.124    10.459 r  Inst_Game/time_bcd_h0__14_carry__0_i_6/O
                         net (fo=1, routed)           0.000    10.459    Inst_Game/time_bcd_h0__14_carry__0_i_6_n_0
    SLICE_X5Y39          CARRY4 (Prop_carry4_S[2]_CO[3])
                                                      0.398    10.857 r  Inst_Game/time_bcd_h0__14_carry__0/CO[3]
                         net (fo=2, routed)           0.956    11.813    Inst_Game/time_bcd_h0__14_carry__0_n_0
    SLICE_X5Y40          LUT6 (Prop_lut6_I5_O)        0.124    11.937 r  Inst_Game/seg_OBUF[6]_inst_i_47/O
                         net (fo=2, routed)           0.331    12.268    Inst_Mux/seg_OBUF[6]_inst_i_22_0
    SLICE_X6Y39          LUT6 (Prop_lut6_I2_O)        0.124    12.392 r  Inst_Mux/seg_OBUF[6]_inst_i_56/O
                         net (fo=1, routed)           0.811    13.203    Inst_Mux/seg_OBUF[6]_inst_i_56_n_0
    SLICE_X6Y38          LUT6 (Prop_lut6_I0_O)        0.124    13.327 r  Inst_Mux/seg_OBUF[6]_inst_i_22/O
                         net (fo=1, routed)           1.129    14.456    Inst_Mux/seg_OBUF[6]_inst_i_22_n_0
    SLICE_X5Y36          LUT6 (Prop_lut6_I0_O)        0.124    14.580 r  Inst_Mux/seg_OBUF[6]_inst_i_5/O
                         net (fo=7, routed)           0.787    15.367    Inst_Game/seg[0][0]
    SLICE_X0Y37          LUT4 (Prop_lut4_I3_O)        0.124    15.491 r  Inst_Game/seg_OBUF[3]_inst_i_1/O
                         net (fo=1, routed)           2.509    18.000    seg_OBUF[3]
    K13                  OBUF (Prop_obuf_I_O)         3.536    21.535 r  seg_OBUF[3]_inst/O
                         net (fo=0)                   0.000    21.535    seg[3]
    K13                                                               r  seg[3] (OUT)
  -------------------------------------------------------------------    -------------------

Slack:                    inf
  Source:                 Inst_Game/s_timer_reg[8]/C
                            (rising edge-triggered cell FDRE clocked by sys_clk_pin  {rise@0.000ns fall@5.000ns period=10.000ns})
  Destination:            seg[4]
                            (output port)
  Path Group:             (none)
  Path Type:              Max at Slow Process Corner
  Data Path Delay:        16.304ns  (logic 6.005ns (36.828%)  route 10.300ns (63.172%))
  Logic Levels:           12  (CARRY4=3 LUT2=1 LUT4=1 LUT5=1 LUT6=5 OBUF=1)
  Clock Uncertainty:      0.025ns  ((TSJ^2 + TIJ^2)^1/2 + DJ) / 2 + PE
    Total System Jitter     (TSJ):    0.050ns
    Total Input Jitter      (TIJ):    0.000ns
    Discrete Jitter          (DJ):    0.000ns
    Phase Error              (PE):    0.000ns

    Location             Delay type                Incr(ns)  Path(ns)    Netlist Resource(s)
  -------------------------------------------------------------------    -------------------
                         (clock sys_clk_pin rise edge)
                                                      0.000     0.000 r  
    E3                                                0.000     0.000 r  clk (IN)
                         net (fo=0)                   0.000     0.000    clk
    E3                   IBUF (Prop_ibuf_I_O)         1.489     1.489 r  clk_IBUF_inst/O
                         net (fo=1, routed)           1.967     3.455    clk_IBUF
    BUFGCTRL_X0Y16       BUFG (Prop_bufg_I_O)         0.096     3.551 r  clk_IBUF_BUFG_inst/O
                         net (fo=80, routed)          1.630     5.182    Inst_Game/CLK
    SLICE_X5Y34          FDRE                                         r  Inst_Game/s_timer_reg[8]/C
  -------------------------------------------------------------------    -------------------
    SLICE_X5Y34          FDRE (Prop_fdre_C_Q)         0.419     5.601 r  Inst_Game/s_timer_reg[8]/Q
                         net (fo=16, routed)          1.730     7.331    Inst_Game/s_timer[8]
    SLICE_X4Y39          LUT2 (Prop_lut2_I0_O)        0.299     7.630 r  Inst_Game/time_bcd_h0_carry__0_i_1/O
                         net (fo=1, routed)           0.000     7.630    Inst_Game/time_bcd_h0_carry__0_i_1_n_0
    SLICE_X4Y39          CARRY4 (Prop_carry4_S[3]_CO[3])
                                                      0.401     8.031 r  Inst_Game/time_bcd_h0_carry__0/CO[3]
                         net (fo=1, routed)           0.000     8.031    Inst_Game/time_bcd_h0_carry__0_n_0
    SLICE_X4Y40          CARRY4 (Prop_carry4_CI_CO[3])
                                                      0.114     8.145 r  Inst_Game/time_bcd_h0_carry__1/CO[3]
                         net (fo=13, routed)          1.260     9.405    Inst_Game/time_bcd_h0_carry__1_n_0
    SLICE_X5Y40          LUT5 (Prop_lut5_I2_O)        0.124     9.529 r  Inst_Game/time_bcd_h0__14_carry__0_i_2/O
                         net (fo=2, routed)           0.806    10.335    Inst_Game/time_bcd_h0__14_carry__0_i_2_n_0
    SLICE_X5Y39          LUT6 (Prop_lut6_I0_O)        0.124    10.459 r  Inst_Game/time_bcd_h0__14_carry__0_i_6/O
                         net (fo=1, routed)           0.000    10.459    Inst_Game/time_bcd_h0__14_carry__0_i_6_n_0
    SLICE_X5Y39          CARRY4 (Prop_carry4_S[2]_CO[3])
                                                      0.398    10.857 r  Inst_Game/time_bcd_h0__14_carry__0/CO[3]
                         net (fo=2, routed)           0.956    11.813    Inst_Game/time_bcd_h0__14_carry__0_n_0
    SLICE_X5Y40          LUT6 (Prop_lut6_I5_O)        0.124    11.937 r  Inst_Game/seg_OBUF[6]_inst_i_47/O
                         net (fo=2, routed)           0.331    12.268    Inst_Mux/seg_OBUF[6]_inst_i_22_0
    SLICE_X6Y39          LUT6 (Prop_lut6_I2_O)        0.124    12.392 f  Inst_Mux/seg_OBUF[6]_inst_i_56/O
                         net (fo=1, routed)           0.811    13.203    Inst_Mux/seg_OBUF[6]_inst_i_56_n_0
    SLICE_X6Y38          LUT6 (Prop_lut6_I0_O)        0.124    13.327 f  Inst_Mux/seg_OBUF[6]_inst_i_22/O
                         net (fo=1, routed)           1.129    14.456    Inst_Mux/seg_OBUF[6]_inst_i_22_n_0
    SLICE_X5Y36          LUT6 (Prop_lut6_I0_O)        0.124    14.580 f  Inst_Mux/seg_OBUF[6]_inst_i_5/O
                         net (fo=7, routed)           1.177    15.757    Inst_Game/seg[0][0]
    SLICE_X0Y37          LUT4 (Prop_lut4_I3_O)        0.124    15.881 r  Inst_Game/seg_OBUF[4]_inst_i_1/O
                         net (fo=1, routed)           2.100    17.980    seg_OBUF[4]
    K16                  OBUF (Prop_obuf_I_O)         3.506    21.486 r  seg_OBUF[4]_inst/O
                         net (fo=0)                   0.000    21.486    seg[4]
    K16                                                               r  seg[4] (OUT)
  -------------------------------------------------------------------    -------------------

Slack:                    inf
  Source:                 Inst_Game/s_timer_reg[8]/C
                            (rising edge-triggered cell FDRE clocked by sys_clk_pin  {rise@0.000ns fall@5.000ns period=10.000ns})
  Destination:            seg[0]
                            (output port)
  Path Group:             (none)
  Path Type:              Max at Slow Process Corner
  Data Path Delay:        15.757ns  (logic 6.233ns (39.559%)  route 9.524ns (60.441%))
  Logic Levels:           12  (CARRY4=3 LUT2=1 LUT4=1 LUT5=1 LUT6=5 OBUF=1)
  Clock Uncertainty:      0.025ns  ((TSJ^2 + TIJ^2)^1/2 + DJ) / 2 + PE
    Total System Jitter     (TSJ):    0.050ns
    Total Input Jitter      (TIJ):    0.000ns
    Discrete Jitter          (DJ):    0.000ns
    Phase Error              (PE):    0.000ns

    Location             Delay type                Incr(ns)  Path(ns)    Netlist Resource(s)
  -------------------------------------------------------------------    -------------------
                         (clock sys_clk_pin rise edge)
                                                      0.000     0.000 r  
    E3                                                0.000     0.000 r  clk (IN)
                         net (fo=0)                   0.000     0.000    clk
    E3                   IBUF (Prop_ibuf_I_O)         1.489     1.489 r  clk_IBUF_inst/O
                         net (fo=1, routed)           1.967     3.455    clk_IBUF
    BUFGCTRL_X0Y16       BUFG (Prop_bufg_I_O)         0.096     3.551 r  clk_IBUF_BUFG_inst/O
                         net (fo=80, routed)          1.630     5.182    Inst_Game/CLK
    SLICE_X5Y34          FDRE                                         r  Inst_Game/s_timer_reg[8]/C
  -------------------------------------------------------------------    -------------------
    SLICE_X5Y34          FDRE (Prop_fdre_C_Q)         0.419     5.601 r  Inst_Game/s_timer_reg[8]/Q
                         net (fo=16, routed)          1.730     7.331    Inst_Game/s_timer[8]
    SLICE_X4Y39          LUT2 (Prop_lut2_I0_O)        0.299     7.630 r  Inst_Game/time_bcd_h0_carry__0_i_1/O
                         net (fo=1, routed)           0.000     7.630    Inst_Game/time_bcd_h0_carry__0_i_1_n_0
    SLICE_X4Y39          CARRY4 (Prop_carry4_S[3]_CO[3])
                                                      0.401     8.031 r  Inst_Game/time_bcd_h0_carry__0/CO[3]
                         net (fo=1, routed)           0.000     8.031    Inst_Game/time_bcd_h0_carry__0_n_0
    SLICE_X4Y40          CARRY4 (Prop_carry4_CI_CO[3])
                                                      0.114     8.145 r  Inst_Game/time_bcd_h0_carry__1/CO[3]
                         net (fo=13, routed)          1.260     9.405    Inst_Game/time_bcd_h0_carry__1_n_0
    SLICE_X5Y40          LUT5 (Prop_lut5_I2_O)        0.124     9.529 r  Inst_Game/time_bcd_h0__14_carry__0_i_2/O
                         net (fo=2, routed)           0.806    10.335    Inst_Game/time_bcd_h0__14_carry__0_i_2_n_0
    SLICE_X5Y39          LUT6 (Prop_lut6_I0_O)        0.124    10.459 r  Inst_Game/time_bcd_h0__14_carry__0_i_6/O
                         net (fo=1, routed)           0.000    10.459    Inst_Game/time_bcd_h0__14_carry__0_i_6_n_0
    SLICE_X5Y39          CARRY4 (Prop_carry4_S[2]_CO[3])
                                                      0.398    10.857 r  Inst_Game/time_bcd_h0__14_carry__0/CO[3]
                         net (fo=2, routed)           0.956    11.813    Inst_Game/time_bcd_h0__14_carry__0_n_0
    SLICE_X5Y40          LUT6 (Prop_lut6_I5_O)        0.124    11.937 r  Inst_Game/seg_OBUF[6]_inst_i_47/O
                         net (fo=2, routed)           0.331    12.268    Inst_Mux/seg_OBUF[6]_inst_i_22_0
    SLICE_X6Y39          LUT6 (Prop_lut6_I2_O)        0.124    12.392 r  Inst_Mux/seg_OBUF[6]_inst_i_56/O
                         net (fo=1, routed)           0.811    13.203    Inst_Mux/seg_OBUF[6]_inst_i_56_n_0
    SLICE_X6Y38          LUT6 (Prop_lut6_I0_O)        0.124    13.327 r  Inst_Mux/seg_OBUF[6]_inst_i_22/O
                         net (fo=1, routed)           1.129    14.456    Inst_Mux/seg_OBUF[6]_inst_i_22_n_0
    SLICE_X5Y36          LUT6 (Prop_lut6_I0_O)        0.124    14.580 r  Inst_Mux/seg_OBUF[6]_inst_i_5/O
                         net (fo=7, routed)           0.783    15.363    Inst_Game/seg[0][0]
    SLICE_X0Y37          LUT4 (Prop_lut4_I2_O)        0.118    15.481 r  Inst_Game/seg_OBUF[0]_inst_i_1/O
                         net (fo=1, routed)           1.718    17.199    seg_OBUF[0]
    L18                  OBUF (Prop_obuf_I_O)         3.740    20.939 r  seg_OBUF[0]_inst/O
                         net (fo=0)                   0.000    20.939    seg[0]
    L18                                                               r  seg[0] (OUT)
  -------------------------------------------------------------------    -------------------

Slack:                    inf
  Source:                 Inst_Mux/cnt_reg[0]/C
                            (rising edge-triggered cell FDRE clocked by sys_clk_pin  {rise@0.000ns fall@5.000ns period=10.000ns})
  Destination:            an[6]
                            (output port)
  Path Group:             (none)
  Path Type:              Max at Slow Process Corner
  Data Path Delay:        9.736ns  (logic 4.104ns (42.154%)  route 5.632ns (57.846%))
  Logic Levels:           2  (LUT3=1 OBUF=1)
  Clock Uncertainty:      0.025ns  ((TSJ^2 + TIJ^2)^1/2 + DJ) / 2 + PE
    Total System Jitter     (TSJ):    0.050ns
    Total Input Jitter      (TIJ):    0.000ns
    Discrete Jitter          (DJ):    0.000ns
    Phase Error              (PE):    0.000ns

    Location             Delay type                Incr(ns)  Path(ns)    Netlist Resource(s)
  -------------------------------------------------------------------    -------------------
                         (clock sys_clk_pin rise edge)
                                                      0.000     0.000 r  
    E3                                                0.000     0.000 r  clk (IN)
                         net (fo=0)                   0.000     0.000    clk
    E3                   IBUF (Prop_ibuf_I_O)         1.489     1.489 r  clk_IBUF_inst/O
                         net (fo=1, routed)           1.967     3.455    clk_IBUF
    BUFGCTRL_X0Y16       BUFG (Prop_bufg_I_O)         0.096     3.551 r  clk_IBUF_BUFG_inst/O
                         net (fo=80, routed)          1.629     5.181    Inst_Mux/CLK
    SLICE_X5Y33          FDRE                                         r  Inst_Mux/cnt_reg[0]/C
  -------------------------------------------------------------------    -------------------
    SLICE_X5Y33          FDRE (Prop_fdre_C_Q)         0.456     5.637 r  Inst_Mux/cnt_reg[0]/Q
                         net (fo=27, routed)          1.850     7.487    Inst_Mux/cnt[0]
    SLICE_X8Y39          LUT3 (Prop_lut3_I1_O)        0.124     7.611 r  Inst_Mux/an_OBUF[6]_inst_i_1/O
                         net (fo=1, routed)           3.782    11.393    an_OBUF[6]
    K2                   OBUF (Prop_obuf_I_O)         3.524    14.917 r  an_OBUF[6]_inst/O
                         net (fo=0)                   0.000    14.917    an[6]
    K2                                                                r  an[6] (OUT)
  -------------------------------------------------------------------    -------------------

Slack:                    inf
  Source:                 Inst_Mux/cnt_reg[1]/C
                            (rising edge-triggered cell FDRE clocked by sys_clk_pin  {rise@0.000ns fall@5.000ns period=10.000ns})
  Destination:            an[7]
                            (output port)
  Path Group:             (none)
  Path Type:              Max at Slow Process Corner
  Data Path Delay:        8.773ns  (logic 4.413ns (50.298%)  route 4.360ns (49.702%))
  Logic Levels:           2  (LUT3=1 OBUF=1)
  Clock Uncertainty:      0.025ns  ((TSJ^2 + TIJ^2)^1/2 + DJ) / 2 + PE
    Total System Jitter     (TSJ):    0.050ns
    Total Input Jitter      (TIJ):    0.000ns
    Discrete Jitter          (DJ):    0.000ns
    Phase Error              (PE):    0.000ns

    Location             Delay type                Incr(ns)  Path(ns)    Netlist Resource(s)
  -------------------------------------------------------------------    -------------------
                         (clock sys_clk_pin rise edge)
                                                      0.000     0.000 r  
    E3                                                0.000     0.000 r  clk (IN)
                         net (fo=0)                   0.000     0.000    clk
    E3                   IBUF (Prop_ibuf_I_O)         1.489     1.489 r  clk_IBUF_inst/O
                         net (fo=1, routed)           1.967     3.455    clk_IBUF
    BUFGCTRL_X0Y16       BUFG (Prop_bufg_I_O)         0.096     3.551 r  clk_IBUF_BUFG_inst/O
                         net (fo=80, routed)          1.632     5.184    Inst_Mux/CLK
    SLICE_X6Y35          FDRE                                         r  Inst_Mux/cnt_reg[1]/C
  -------------------------------------------------------------------    -------------------
    SLICE_X6Y35          FDRE (Prop_fdre_C_Q)         0.518     5.702 f  Inst_Mux/cnt_reg[1]/Q
                         net (fo=21, routed)          1.439     7.141    Inst_Mux/cnt[1]
    SLICE_X0Y38          LUT3 (Prop_lut3_I1_O)        0.152     7.293 r  Inst_Mux/an_OBUF[7]_inst_i_1/O
                         net (fo=1, routed)           2.921    10.214    an_OBUF[7]
    U13                  OBUF (Prop_obuf_I_O)         3.743    13.957 r  an_OBUF[7]_inst/O
                         net (fo=0)                   0.000    13.957    an[7]
    U13                                                               r  an[7] (OUT)
  -------------------------------------------------------------------    -------------------

Slack:                    inf
  Source:                 Inst_Mux/cnt_reg[1]/C
                            (rising edge-triggered cell FDRE clocked by sys_clk_pin  {rise@0.000ns fall@5.000ns period=10.000ns})
  Destination:            an[2]
                            (output port)
  Path Group:             (none)
  Path Type:              Max at Slow Process Corner
  Data Path Delay:        8.478ns  (logic 4.440ns (52.369%)  route 4.038ns (47.631%))
  Logic Levels:           2  (LUT3=1 OBUF=1)
  Clock Uncertainty:      0.025ns  ((TSJ^2 + TIJ^2)^1/2 + DJ) / 2 + PE
    Total System Jitter     (TSJ):    0.050ns
    Total Input Jitter      (TIJ):    0.000ns
    Discrete Jitter          (DJ):    0.000ns
    Phase Error              (PE):    0.000ns

    Location             Delay type                Incr(ns)  Path(ns)    Netlist Resource(s)
  -------------------------------------------------------------------    -------------------
                         (clock sys_clk_pin rise edge)
                                                      0.000     0.000 r  
    E3                                                0.000     0.000 r  clk (IN)
                         net (fo=0)                   0.000     0.000    clk
    E3                   IBUF (Prop_ibuf_I_O)         1.489     1.489 r  clk_IBUF_inst/O
                         net (fo=1, routed)           1.967     3.455    clk_IBUF
    BUFGCTRL_X0Y16       BUFG (Prop_bufg_I_O)         0.096     3.551 r  clk_IBUF_BUFG_inst/O
                         net (fo=80, routed)          1.632     5.184    Inst_Mux/CLK
    SLICE_X6Y35          FDRE                                         r  Inst_Mux/cnt_reg[1]/C
  -------------------------------------------------------------------    -------------------
    SLICE_X6Y35          FDRE (Prop_fdre_C_Q)         0.518     5.702 f  Inst_Mux/cnt_reg[1]/Q
                         net (fo=21, routed)          1.124     6.826    Inst_Mux/cnt[1]
    SLICE_X6Y35          LUT3 (Prop_lut3_I0_O)        0.152     6.978 r  Inst_Mux/an_OBUF[2]_inst_i_1/O
                         net (fo=1, routed)           2.915     9.892    an_OBUF[2]
    T9                   OBUF (Prop_obuf_I_O)         3.770    13.662 r  an_OBUF[2]_inst/O
                         net (fo=0)                   0.000    13.662    an[2]
    T9                                                                r  an[2] (OUT)
  -------------------------------------------------------------------    -------------------





Min Delay Paths
--------------------------------------------------------------------------------------
Slack:                    inf
  Source:                 s_in_run_reg/C
                            (rising edge-triggered cell FDRE clocked by sys_clk_pin  {rise@0.000ns fall@5.000ns period=10.000ns})
  Destination:            led16_g
                            (output port)
  Path Group:             (none)
  Path Type:              Min at Fast Process Corner
  Data Path Delay:        1.953ns  (logic 1.428ns (73.112%)  route 0.525ns (26.888%))
  Logic Levels:           2  (LUT1=1 OBUF=1)
  Clock Uncertainty:      0.025ns  ((TSJ^2 + TIJ^2)^1/2 + DJ) / 2 + PE
    Total System Jitter     (TSJ):    0.050ns
    Total Input Jitter      (TIJ):    0.000ns
    Discrete Jitter          (DJ):    0.000ns
    Phase Error              (PE):    0.000ns

    Location             Delay type                Incr(ns)  Path(ns)    Netlist Resource(s)
  -------------------------------------------------------------------    -------------------
                         (clock sys_clk_pin rise edge)
                                                      0.000     0.000 r  
    E3                                                0.000     0.000 r  clk (IN)
                         net (fo=0)                   0.000     0.000    clk
    E3                   IBUF (Prop_ibuf_I_O)         0.257     0.257 r  clk_IBUF_inst/O
                         net (fo=1, routed)           0.631     0.888    clk_IBUF
    BUFGCTRL_X0Y16       BUFG (Prop_bufg_I_O)         0.026     0.914 r  clk_IBUF_BUFG_inst/O
                         net (fo=80, routed)          0.591     1.504    clk_IBUF_BUFG
    SLICE_X2Y32          FDRE                                         r  s_in_run_reg/C
  -------------------------------------------------------------------    -------------------
    SLICE_X2Y32          FDRE (Prop_fdre_C_Q)         0.164     1.668 f  s_in_run_reg/Q
                         net (fo=3, routed)           0.175     1.844    s_in_run
    SLICE_X2Y32          LUT1 (Prop_lut1_I0_O)        0.045     1.889 r  led16_g_OBUF_inst_i_1/O
                         net (fo=1, routed)           0.350     2.238    led16_g_OBUF
    M16                  OBUF (Prop_obuf_I_O)         1.219     3.457 r  led16_g_OBUF_inst/O
                         net (fo=0)                   0.000     3.457    led16_g
    M16                                                               r  led16_g (OUT)
  -------------------------------------------------------------------    -------------------

Slack:                    inf
  Source:                 Inst_Game/FSM_onehot_state_reg[3]/C
                            (rising edge-triggered cell FDRE clocked by sys_clk_pin  {rise@0.000ns fall@5.000ns period=10.000ns})
  Destination:            led16_r
                            (output port)
  Path Group:             (none)
  Path Type:              Min at Fast Process Corner
  Data Path Delay:        2.346ns  (logic 1.481ns (63.151%)  route 0.864ns (36.849%))
  Logic Levels:           2  (LUT1=1 OBUF=1)
  Clock Uncertainty:      0.025ns  ((TSJ^2 + TIJ^2)^1/2 + DJ) / 2 + PE
    Total System Jitter     (TSJ):    0.050ns
    Total Input Jitter      (TIJ):    0.000ns
    Discrete Jitter          (DJ):    0.000ns
    Phase Error              (PE):    0.000ns

    Location             Delay type                Incr(ns)  Path(ns)    Netlist Resource(s)
  -------------------------------------------------------------------    -------------------
                         (clock sys_clk_pin rise edge)
                                                      0.000     0.000 r  
    E3                                                0.000     0.000 r  clk (IN)
                         net (fo=0)                   0.000     0.000    clk
    E3                   IBUF (Prop_ibuf_I_O)         0.257     0.257 r  clk_IBUF_inst/O
                         net (fo=1, routed)           0.631     0.888    clk_IBUF
    BUFGCTRL_X0Y16       BUFG (Prop_bufg_I_O)         0.026     0.914 r  clk_IBUF_BUFG_inst/O
                         net (fo=80, routed)          0.591     1.504    Inst_Game/CLK
    SLICE_X7Y34          FDRE                                         r  Inst_Game/FSM_onehot_state_reg[3]/C
  -------------------------------------------------------------------    -------------------
    SLICE_X7Y34          FDRE (Prop_fdre_C_Q)         0.141     1.645 f  Inst_Game/FSM_onehot_state_reg[3]/Q
                         net (fo=22, routed)          0.425     2.070    Inst_Game/Q[1]
    SLICE_X5Y36          LUT1 (Prop_lut1_I0_O)        0.046     2.116 r  Inst_Game/led16_r_OBUF_inst_i_1/O
                         net (fo=1, routed)           0.439     2.556    led16_r_OBUF
    N15                  OBUF (Prop_obuf_I_O)         1.294     3.850 r  led16_r_OBUF_inst/O
                         net (fo=0)                   0.000     3.850    led16_r
    N15                                                               r  led16_r (OUT)
  -------------------------------------------------------------------    -------------------

Slack:                    inf
  Source:                 s_in_run_reg/C
                            (rising edge-triggered cell FDRE clocked by sys_clk_pin  {rise@0.000ns fall@5.000ns period=10.000ns})
  Destination:            led16_b
                            (output port)
  Path Group:             (none)
  Path Type:              Min at Fast Process Corner
  Data Path Delay:        2.358ns  (logic 1.517ns (64.346%)  route 0.841ns (35.654%))
  Logic Levels:           2  (LUT2=1 OBUF=1)
  Clock Uncertainty:      0.025ns  ((TSJ^2 + TIJ^2)^1/2 + DJ) / 2 + PE
    Total System Jitter     (TSJ):    0.050ns
    Total Input Jitter      (TIJ):    0.000ns
    Discrete Jitter          (DJ):    0.000ns
    Phase Error              (PE):    0.000ns

    Location             Delay type                Incr(ns)  Path(ns)    Netlist Resource(s)
  -------------------------------------------------------------------    -------------------
                         (clock sys_clk_pin rise edge)
                                                      0.000     0.000 r  
    E3                                                0.000     0.000 r  clk (IN)
                         net (fo=0)                   0.000     0.000    clk
    E3                   IBUF (Prop_ibuf_I_O)         0.257     0.257 r  clk_IBUF_inst/O
                         net (fo=1, routed)           0.631     0.888    clk_IBUF
    BUFGCTRL_X0Y16       BUFG (Prop_bufg_I_O)         0.026     0.914 r  clk_IBUF_BUFG_inst/O
                         net (fo=80, routed)          0.591     1.504    clk_IBUF_BUFG
    SLICE_X2Y32          FDRE                                         r  s_in_run_reg/C
  -------------------------------------------------------------------    -------------------
    SLICE_X2Y32          FDRE (Prop_fdre_C_Q)         0.164     1.668 r  s_in_run_reg/Q
                         net (fo=3, routed)           0.352     2.020    Inst_Game/s_in_run
    SLICE_X2Y32          LUT2 (Prop_lut2_I0_O)        0.046     2.066 r  Inst_Game/led16_b_OBUF_inst_i_1/O
                         net (fo=1, routed)           0.489     2.555    led16_b_OBUF
    R12                  OBUF (Prop_obuf_I_O)         1.307     3.862 r  led16_b_OBUF_inst/O
                         net (fo=0)                   0.000     3.862    led16_b
    R12                                                               r  led16_b (OUT)
  -------------------------------------------------------------------    -------------------

Slack:                    inf
  Source:                 Inst_Mux/cnt_reg[0]/C
                            (rising edge-triggered cell FDRE clocked by sys_clk_pin  {rise@0.000ns fall@5.000ns period=10.000ns})
  Destination:            an[0]
                            (output port)
  Path Group:             (none)
  Path Type:              Min at Fast Process Corner
  Data Path Delay:        2.394ns  (logic 1.433ns (59.867%)  route 0.961ns (40.133%))
  Logic Levels:           2  (LUT3=1 OBUF=1)
  Clock Uncertainty:      0.025ns  ((TSJ^2 + TIJ^2)^1/2 + DJ) / 2 + PE
    Total System Jitter     (TSJ):    0.050ns
    Total Input Jitter      (TIJ):    0.000ns
    Discrete Jitter          (DJ):    0.000ns
    Phase Error              (PE):    0.000ns

    Location             Delay type                Incr(ns)  Path(ns)    Netlist Resource(s)
  -------------------------------------------------------------------    -------------------
                         (clock sys_clk_pin rise edge)
                                                      0.000     0.000 r  
    E3                                                0.000     0.000 r  clk (IN)
                         net (fo=0)                   0.000     0.000    clk
    E3                   IBUF (Prop_ibuf_I_O)         0.257     0.257 r  clk_IBUF_inst/O
                         net (fo=1, routed)           0.631     0.888    clk_IBUF
    BUFGCTRL_X0Y16       BUFG (Prop_bufg_I_O)         0.026     0.914 r  clk_IBUF_BUFG_inst/O
                         net (fo=80, routed)          0.590     1.503    Inst_Mux/CLK
    SLICE_X5Y33          FDRE                                         r  Inst_Mux/cnt_reg[0]/C
  -------------------------------------------------------------------    -------------------
    SLICE_X5Y33          FDRE (Prop_fdre_C_Q)         0.141     1.644 r  Inst_Mux/cnt_reg[0]/Q
                         net (fo=27, routed)          0.441     2.085    Inst_Mux/cnt[0]
    SLICE_X0Y38          LUT3 (Prop_lut3_I2_O)        0.045     2.130 r  Inst_Mux/an_OBUF[0]_inst_i_1/O
                         net (fo=1, routed)           0.520     2.650    an_OBUF[0]
    J17                  OBUF (Prop_obuf_I_O)         1.247     3.897 r  an_OBUF[0]_inst/O
                         net (fo=0)                   0.000     3.897    an[0]
    J17                                                               r  an[0] (OUT)
  -------------------------------------------------------------------    -------------------

Slack:                    inf
  Source:                 Inst_Mux/cnt_reg[2]/C
                            (rising edge-triggered cell FDRE clocked by sys_clk_pin  {rise@0.000ns fall@5.000ns period=10.000ns})
  Destination:            an[1]
                            (output port)
  Path Group:             (none)
  Path Type:              Min at Fast Process Corner
  Data Path Delay:        2.454ns  (logic 1.502ns (61.207%)  route 0.952ns (38.793%))
  Logic Levels:           2  (LUT3=1 OBUF=1)
  Clock Uncertainty:      0.025ns  ((TSJ^2 + TIJ^2)^1/2 + DJ) / 2 + PE
    Total System Jitter     (TSJ):    0.050ns
    Total Input Jitter      (TIJ):    0.000ns
    Discrete Jitter          (DJ):    0.000ns
    Phase Error              (PE):    0.000ns

    Location             Delay type                Incr(ns)  Path(ns)    Netlist Resource(s)
  -------------------------------------------------------------------    -------------------
                         (clock sys_clk_pin rise edge)
                                                      0.000     0.000 r  
    E3                                                0.000     0.000 r  clk (IN)
                         net (fo=0)                   0.000     0.000    clk
    E3                   IBUF (Prop_ibuf_I_O)         0.257     0.257 r  clk_IBUF_inst/O
                         net (fo=1, routed)           0.631     0.888    clk_IBUF
    BUFGCTRL_X0Y16       BUFG (Prop_bufg_I_O)         0.026     0.914 r  clk_IBUF_BUFG_inst/O
                         net (fo=80, routed)          0.591     1.504    Inst_Mux/CLK
    SLICE_X6Y35          FDRE                                         r  Inst_Mux/cnt_reg[2]/C
  -------------------------------------------------------------------    -------------------
    SLICE_X6Y35          FDRE (Prop_fdre_C_Q)         0.148     1.652 r  Inst_Mux/cnt_reg[2]/Q
                         net (fo=20, routed)          0.437     2.089    Inst_Mux/cnt[2]
    SLICE_X0Y38          LUT3 (Prop_lut3_I1_O)        0.098     2.187 r  Inst_Mux/an_OBUF[1]_inst_i_1/O
                         net (fo=1, routed)           0.515     2.702    an_OBUF[1]
    J18                  OBUF (Prop_obuf_I_O)         1.256     3.958 r  an_OBUF[1]_inst/O
                         net (fo=0)                   0.000     3.958    an[1]
    J18                                                               r  an[1] (OUT)
  -------------------------------------------------------------------    -------------------

Slack:                    inf
  Source:                 Inst_Game/s_timer_reg[0]/C
                            (rising edge-triggered cell FDRE clocked by sys_clk_pin  {rise@0.000ns fall@5.000ns period=10.000ns})
  Destination:            seg[0]
                            (output port)
  Path Group:             (none)
  Path Type:              Min at Fast Process Corner
  Data Path Delay:        2.480ns  (logic 1.580ns (63.714%)  route 0.900ns (36.286%))
  Logic Levels:           4  (LUT4=1 LUT6=2 OBUF=1)
  Clock Uncertainty:      0.025ns  ((TSJ^2 + TIJ^2)^1/2 + DJ) / 2 + PE
    Total System Jitter     (TSJ):    0.050ns
    Total Input Jitter      (TIJ):    0.000ns
    Discrete Jitter          (DJ):    0.000ns
    Phase Error              (PE):    0.000ns

    Location             Delay type                Incr(ns)  Path(ns)    Netlist Resource(s)
  -------------------------------------------------------------------    -------------------
                         (clock sys_clk_pin rise edge)
                                                      0.000     0.000 r  
    E3                                                0.000     0.000 r  clk (IN)
                         net (fo=0)                   0.000     0.000    clk
    E3                   IBUF (Prop_ibuf_I_O)         0.257     0.257 r  clk_IBUF_inst/O
                         net (fo=1, routed)           0.631     0.888    clk_IBUF
    BUFGCTRL_X0Y16       BUFG (Prop_bufg_I_O)         0.026     0.914 r  clk_IBUF_BUFG_inst/O
                         net (fo=80, routed)          0.591     1.504    Inst_Game/CLK
    SLICE_X5Y34          FDRE                                         r  Inst_Game/s_timer_reg[0]/C
  -------------------------------------------------------------------    -------------------
    SLICE_X5Y34          FDRE (Prop_fdre_C_Q)         0.141     1.645 r  Inst_Game/s_timer_reg[0]/Q
                         net (fo=10, routed)          0.189     1.835    Inst_Game/s_timer[0]
    SLICE_X5Y36          LUT6 (Prop_lut6_I5_O)        0.045     1.880 r  Inst_Game/seg_OBUF[6]_inst_i_24/O
                         net (fo=1, routed)           0.052     1.932    Inst_Mux/seg_OBUF[2]_inst_i_1
    SLICE_X5Y36          LUT6 (Prop_lut6_I3_O)        0.045     1.977 r  Inst_Mux/seg_OBUF[6]_inst_i_5/O
                         net (fo=7, routed)           0.297     2.273    Inst_Game/seg[0][0]
    SLICE_X0Y37          LUT4 (Prop_lut4_I2_O)        0.048     2.321 r  Inst_Game/seg_OBUF[0]_inst_i_1/O
                         net (fo=1, routed)           0.362     2.683    seg_OBUF[0]
    L18                  OBUF (Prop_obuf_I_O)         1.301     3.985 r  seg_OBUF[0]_inst/O
                         net (fo=0)                   0.000     3.985    seg[0]
    L18                                                               r  seg[0] (OUT)
  -------------------------------------------------------------------    -------------------

Slack:                    inf
  Source:                 Inst_Mux/cnt_reg[0]/C
                            (rising edge-triggered cell FDRE clocked by sys_clk_pin  {rise@0.000ns fall@5.000ns period=10.000ns})
  Destination:            an[5]
                            (output port)
  Path Group:             (none)
  Path Type:              Min at Fast Process Corner
  Data Path Delay:        2.497ns  (logic 1.487ns (59.558%)  route 1.010ns (40.442%))
  Logic Levels:           2  (LUT3=1 OBUF=1)
  Clock Uncertainty:      0.025ns  ((TSJ^2 + TIJ^2)^1/2 + DJ) / 2 + PE
    Total System Jitter     (TSJ):    0.050ns
    Total Input Jitter      (TIJ):    0.000ns
    Discrete Jitter          (DJ):    0.000ns
    Phase Error              (PE):    0.000ns

    Location             Delay type                Incr(ns)  Path(ns)    Netlist Resource(s)
  -------------------------------------------------------------------    -------------------
                         (clock sys_clk_pin rise edge)
                                                      0.000     0.000 r  
    E3                                                0.000     0.000 r  clk (IN)
                         net (fo=0)                   0.000     0.000    clk
    E3                   IBUF (Prop_ibuf_I_O)         0.257     0.257 r  clk_IBUF_inst/O
                         net (fo=1, routed)           0.631     0.888    clk_IBUF
    BUFGCTRL_X0Y16       BUFG (Prop_bufg_I_O)         0.026     0.914 r  clk_IBUF_BUFG_inst/O
                         net (fo=80, routed)          0.590     1.503    Inst_Mux/CLK
    SLICE_X5Y33          FDRE                                         r  Inst_Mux/cnt_reg[0]/C
  -------------------------------------------------------------------    -------------------
    SLICE_X5Y33          FDRE (Prop_fdre_C_Q)         0.141     1.644 f  Inst_Mux/cnt_reg[0]/Q
                         net (fo=27, routed)          0.441     2.085    Inst_Mux/cnt[0]
    SLICE_X0Y38          LUT3 (Prop_lut3_I2_O)        0.046     2.131 r  Inst_Mux/an_OBUF[5]_inst_i_1/O
                         net (fo=1, routed)           0.569     2.700    an_OBUF[5]
    T14                  OBUF (Prop_obuf_I_O)         1.300     4.000 r  an_OBUF[5]_inst/O
                         net (fo=0)                   0.000     4.000    an[5]
    T14                                                               r  an[5] (OUT)
  -------------------------------------------------------------------    -------------------

Slack:                    inf
  Source:                 Inst_Mux/cnt_reg[0]/C
                            (rising edge-triggered cell FDRE clocked by sys_clk_pin  {rise@0.000ns fall@5.000ns period=10.000ns})
  Destination:            dp
                            (output port)
  Path Group:             (none)
  Path Type:              Min at Fast Process Corner
  Data Path Delay:        2.650ns  (logic 1.492ns (56.290%)  route 1.158ns (43.710%))
  Logic Levels:           2  (LUT4=1 OBUF=1)
  Clock Uncertainty:      0.025ns  ((TSJ^2 + TIJ^2)^1/2 + DJ) / 2 + PE
    Total System Jitter     (TSJ):    0.050ns
    Total Input Jitter      (TIJ):    0.000ns
    Discrete Jitter          (DJ):    0.000ns
    Phase Error              (PE):    0.000ns

    Location             Delay type                Incr(ns)  Path(ns)    Netlist Resource(s)
  -------------------------------------------------------------------    -------------------
                         (clock sys_clk_pin rise edge)
                                                      0.000     0.000 r  
    E3                                                0.000     0.000 r  clk (IN)
                         net (fo=0)                   0.000     0.000    clk
    E3                   IBUF (Prop_ibuf_I_O)         0.257     0.257 r  clk_IBUF_inst/O
                         net (fo=1, routed)           0.631     0.888    clk_IBUF
    BUFGCTRL_X0Y16       BUFG (Prop_bufg_I_O)         0.026     0.914 r  clk_IBUF_BUFG_inst/O
                         net (fo=80, routed)          0.590     1.503    Inst_Mux/CLK
    SLICE_X5Y33          FDRE                                         r  Inst_Mux/cnt_reg[0]/C
  -------------------------------------------------------------------    -------------------
    SLICE_X5Y33          FDRE (Prop_fdre_C_Q)         0.141     1.644 f  Inst_Mux/cnt_reg[0]/Q
                         net (fo=27, routed)          0.419     2.064    Inst_Mux/cnt[0]
    SLICE_X4Y37          LUT4 (Prop_lut4_I3_O)        0.042     2.106 r  Inst_Mux/dp_OBUF_inst_i_1/O
                         net (fo=1, routed)           0.739     2.845    dp_OBUF
    H15                  OBUF (Prop_obuf_I_O)         1.309     4.153 r  dp_OBUF_inst/O
                         net (fo=0)                   0.000     4.153    dp
    H15                                                               r  dp (OUT)
  -------------------------------------------------------------------    -------------------

Slack:                    inf
  Source:                 Inst_Game/s_timer_reg[0]/C
                            (rising edge-triggered cell FDRE clocked by sys_clk_pin  {rise@0.000ns fall@5.000ns period=10.000ns})
  Destination:            seg[4]
                            (output port)
  Path Group:             (none)
  Path Type:              Min at Fast Process Corner
  Data Path Delay:        2.665ns  (logic 1.483ns (55.627%)  route 1.183ns (44.373%))
  Logic Levels:           4  (LUT4=1 LUT6=2 OBUF=1)
  Clock Uncertainty:      0.025ns  ((TSJ^2 + TIJ^2)^1/2 + DJ) / 2 + PE
    Total System Jitter     (TSJ):    0.050ns
    Total Input Jitter      (TIJ):    0.000ns
    Discrete Jitter          (DJ):    0.000ns
    Phase Error              (PE):    0.000ns

    Location             Delay type                Incr(ns)  Path(ns)    Netlist Resource(s)
  -------------------------------------------------------------------    -------------------
                         (clock sys_clk_pin rise edge)
                                                      0.000     0.000 r  
    E3                                                0.000     0.000 r  clk (IN)
                         net (fo=0)                   0.000     0.000    clk
    E3                   IBUF (Prop_ibuf_I_O)         0.257     0.257 r  clk_IBUF_inst/O
                         net (fo=1, routed)           0.631     0.888    clk_IBUF
    BUFGCTRL_X0Y16       BUFG (Prop_bufg_I_O)         0.026     0.914 r  clk_IBUF_BUFG_inst/O
                         net (fo=80, routed)          0.591     1.504    Inst_Game/CLK
    SLICE_X5Y34          FDRE                                         r  Inst_Game/s_timer_reg[0]/C
  -------------------------------------------------------------------    -------------------
    SLICE_X5Y34          FDRE (Prop_fdre_C_Q)         0.141     1.645 f  Inst_Game/s_timer_reg[0]/Q
                         net (fo=10, routed)          0.189     1.835    Inst_Game/s_timer[0]
    SLICE_X5Y36          LUT6 (Prop_lut6_I5_O)        0.045     1.880 f  Inst_Game/seg_OBUF[6]_inst_i_24/O
                         net (fo=1, routed)           0.052     1.932    Inst_Mux/seg_OBUF[2]_inst_i_1
    SLICE_X5Y36          LUT6 (Prop_lut6_I3_O)        0.045     1.977 f  Inst_Mux/seg_OBUF[6]_inst_i_5/O
                         net (fo=7, routed)           0.426     2.402    Inst_Game/seg[0][0]
    SLICE_X0Y37          LUT4 (Prop_lut4_I3_O)        0.045     2.447 r  Inst_Game/seg_OBUF[4]_inst_i_1/O
                         net (fo=1, routed)           0.516     2.963    seg_OBUF[4]
    K16                  OBUF (Prop_obuf_I_O)         1.207     4.170 r  seg_OBUF[4]_inst/O
                         net (fo=0)                   0.000     4.170    seg[4]
    K16                                                               r  seg[4] (OUT)
  -------------------------------------------------------------------    -------------------

Slack:                    inf
  Source:                 Inst_Mux/cnt_reg[2]/C
                            (rising edge-triggered cell FDRE clocked by sys_clk_pin  {rise@0.000ns fall@5.000ns period=10.000ns})
  Destination:            seg[2]
                            (output port)
  Path Group:             (none)
  Path Type:              Min at Fast Process Corner
  Data Path Delay:        2.710ns  (logic 1.555ns (57.372%)  route 1.155ns (42.628%))
  Logic Levels:           4  (LUT4=1 LUT6=2 OBUF=1)
  Clock Uncertainty:      0.025ns  ((TSJ^2 + TIJ^2)^1/2 + DJ) / 2 + PE
    Total System Jitter     (TSJ):    0.050ns
    Total Input Jitter      (TIJ):    0.000ns
    Discrete Jitter          (DJ):    0.000ns
    Phase Error              (PE):    0.000ns

    Location             Delay type                Incr(ns)  Path(ns)    Netlist Resource(s)
  -------------------------------------------------------------------    -------------------
                         (clock sys_clk_pin rise edge)
                                                      0.000     0.000 r  
    E3                                                0.000     0.000 r  clk (IN)
                         net (fo=0)                   0.000     0.000    clk
    E3                   IBUF (Prop_ibuf_I_O)         0.257     0.257 r  clk_IBUF_inst/O
                         net (fo=1, routed)           0.631     0.888    clk_IBUF
    BUFGCTRL_X0Y16       BUFG (Prop_bufg_I_O)         0.026     0.914 r  clk_IBUF_BUFG_inst/O
                         net (fo=80, routed)          0.591     1.504    Inst_Mux/CLK
    SLICE_X6Y35          FDRE                                         r  Inst_Mux/cnt_reg[2]/C
  -------------------------------------------------------------------    -------------------
    SLICE_X6Y35          FDRE (Prop_fdre_C_Q)         0.148     1.652 f  Inst_Mux/cnt_reg[2]/Q
                         net (fo=20, routed)          0.362     2.014    Inst_Game/cnt[2]
    SLICE_X5Y37          LUT6 (Prop_lut6_I3_O)        0.098     2.112 r  Inst_Game/seg_OBUF[6]_inst_i_6/O
                         net (fo=1, routed)           0.050     2.163    Inst_Game/seg_OBUF[6]_inst_i_6_n_0
    SLICE_X5Y37          LUT6 (Prop_lut6_I0_O)        0.045     2.208 r  Inst_Game/seg_OBUF[6]_inst_i_2/O
                         net (fo=7, routed)           0.149     2.357    Inst_Game/Inst_Mux/mux_out__27[2]
    SLICE_X0Y37          LUT4 (Prop_lut4_I0_O)        0.045     2.402 r  Inst_Game/seg_OBUF[2]_inst_i_1/O
                         net (fo=1, routed)           0.594     2.996    seg_OBUF[2]
    P15                  OBUF (Prop_obuf_I_O)         1.219     4.214 r  seg_OBUF[2]_inst/O
                         net (fo=0)                   0.000     4.214    seg[2]
    P15                                                               r  seg[2] (OUT)
  -------------------------------------------------------------------    -------------------





--------------------------------------------------------------------------------------
Path Group:  (none)
From Clock:  
  To Clock:  sys_clk_pin

Max Delay            82 Endpoints
Min Delay            82 Endpoints
--------------------------------------------------------------------------------------


Max Delay Paths
--------------------------------------------------------------------------------------
Slack:                    inf
  Source:                 rst
                            (input port)
  Destination:            s_in_run_reg/R
                            (rising edge-triggered cell FDRE clocked by sys_clk_pin  {rise@0.000ns fall@5.000ns period=10.000ns})
  Path Group:             (none)
  Path Type:              Setup (Max at Slow Process Corner)
  Data Path Delay:        6.363ns  (logic 1.630ns (25.614%)  route 4.733ns (74.386%))
  Logic Levels:           2  (IBUF=1 LUT2=1)
  Clock Path Skew:        4.886ns (DCD - SCD + CPR)
    Destination Clock Delay (DCD):    4.886ns
    Source Clock Delay      (SCD):    0.000ns
    Clock Pessimism Removal (CPR):    0.000ns
  Clock Uncertainty:      0.025ns  ((TSJ^2 + TIJ^2)^1/2 + DJ) / 2 + PE
    Total System Jitter     (TSJ):    0.050ns
    Total Input Jitter      (TIJ):    0.000ns
    Discrete Jitter          (DJ):    0.000ns
    Phase Error              (PE):    0.000ns

    Location             Delay type                Incr(ns)  Path(ns)    Netlist Resource(s)
  -------------------------------------------------------------------    -------------------
    C12                                               0.000     0.000 f  rst (IN)
                         net (fo=0)                   0.000     0.000    rst
    C12                  IBUF (Prop_ibuf_I_O)         1.506     1.506 f  rst_IBUF_inst/O
                         net (fo=3, routed)           3.360     4.866    Inst_Game/rst_IBUF
    SLICE_X8Y34          LUT2 (Prop_lut2_I1_O)        0.124     4.990 r  Inst_Game/FSM_onehot_state[3]_i_1/O
                         net (fo=43, routed)          1.373     6.363    Inst_Game_n_3
    SLICE_X2Y32          FDRE                                         r  s_in_run_reg/R
  -------------------------------------------------------------------    -------------------

                         (clock sys_clk_pin rise edge)
                                                      0.000     0.000 r  
    E3                                                0.000     0.000 r  clk (IN)
                         net (fo=0)                   0.000     0.000    clk
    E3                   IBUF (Prop_ibuf_I_O)         1.418     1.418 r  clk_IBUF_inst/O
                         net (fo=1, routed)           1.862     3.280    clk_IBUF
    BUFGCTRL_X0Y16       BUFG (Prop_bufg_I_O)         0.091     3.371 r  clk_IBUF_BUFG_inst/O
                         net (fo=80, routed)          1.514     4.886    clk_IBUF_BUFG
    SLICE_X2Y32          FDRE                                         r  s_in_run_reg/C

Slack:                    inf
  Source:                 rst
                            (input port)
  Destination:            Inst_Game/s_ms_divider_reg[0]/R
                            (rising edge-triggered cell FDRE clocked by sys_clk_pin  {rise@0.000ns fall@5.000ns period=10.000ns})
  Path Group:             (none)
  Path Type:              Setup (Max at Slow Process Corner)
  Data Path Delay:        6.262ns  (logic 1.630ns (26.026%)  route 4.633ns (73.974%))
  Logic Levels:           2  (IBUF=1 LUT2=1)
  Clock Path Skew:        4.881ns (DCD - SCD + CPR)
    Destination Clock Delay (DCD):    4.881ns
    Source Clock Delay      (SCD):    0.000ns
    Clock Pessimism Removal (CPR):    0.000ns
  Clock Uncertainty:      0.025ns  ((TSJ^2 + TIJ^2)^1/2 + DJ) / 2 + PE
    Total System Jitter     (TSJ):    0.050ns
    Total Input Jitter      (TIJ):    0.000ns
    Discrete Jitter          (DJ):    0.000ns
    Phase Error              (PE):    0.000ns

    Location             Delay type                Incr(ns)  Path(ns)    Netlist Resource(s)
  -------------------------------------------------------------------    -------------------
    C12                                               0.000     0.000 f  rst (IN)
                         net (fo=0)                   0.000     0.000    rst
    C12                  IBUF (Prop_ibuf_I_O)         1.506     1.506 f  rst_IBUF_inst/O
                         net (fo=3, routed)           3.360     4.866    Inst_Game/rst_IBUF
    SLICE_X8Y34          LUT2 (Prop_lut2_I1_O)        0.124     4.990 r  Inst_Game/FSM_onehot_state[3]_i_1/O
                         net (fo=43, routed)          1.273     6.262    Inst_Game/SR[0]
    SLICE_X6Y30          FDRE                                         r  Inst_Game/s_ms_divider_reg[0]/R
  -------------------------------------------------------------------    -------------------

                         (clock sys_clk_pin rise edge)
                                                      0.000     0.000 r  
    E3                                                0.000     0.000 r  clk (IN)
                         net (fo=0)                   0.000     0.000    clk
    E3                   IBUF (Prop_ibuf_I_O)         1.418     1.418 r  clk_IBUF_inst/O
                         net (fo=1, routed)           1.862     3.280    clk_IBUF
    BUFGCTRL_X0Y16       BUFG (Prop_bufg_I_O)         0.091     3.371 r  clk_IBUF_BUFG_inst/O
                         net (fo=80, routed)          1.509     4.881    Inst_Game/CLK
    SLICE_X6Y30          FDRE                                         r  Inst_Game/s_ms_divider_reg[0]/C

Slack:                    inf
  Source:                 rst
                            (input port)
  Destination:            Inst_Game/s_ms_divider_reg[5]/R
                            (rising edge-triggered cell FDRE clocked by sys_clk_pin  {rise@0.000ns fall@5.000ns period=10.000ns})
  Path Group:             (none)
  Path Type:              Setup (Max at Slow Process Corner)
  Data Path Delay:        6.262ns  (logic 1.630ns (26.026%)  route 4.633ns (73.974%))
  Logic Levels:           2  (IBUF=1 LUT2=1)
  Clock Path Skew:        4.881ns (DCD - SCD + CPR)
    Destination Clock Delay (DCD):    4.881ns
    Source Clock Delay      (SCD):    0.000ns
    Clock Pessimism Removal (CPR):    0.000ns
  Clock Uncertainty:      0.025ns  ((TSJ^2 + TIJ^2)^1/2 + DJ) / 2 + PE
    Total System Jitter     (TSJ):    0.050ns
    Total Input Jitter      (TIJ):    0.000ns
    Discrete Jitter          (DJ):    0.000ns
    Phase Error              (PE):    0.000ns

    Location             Delay type                Incr(ns)  Path(ns)    Netlist Resource(s)
  -------------------------------------------------------------------    -------------------
    C12                                               0.000     0.000 f  rst (IN)
                         net (fo=0)                   0.000     0.000    rst
    C12                  IBUF (Prop_ibuf_I_O)         1.506     1.506 f  rst_IBUF_inst/O
                         net (fo=3, routed)           3.360     4.866    Inst_Game/rst_IBUF
    SLICE_X8Y34          LUT2 (Prop_lut2_I1_O)        0.124     4.990 r  Inst_Game/FSM_onehot_state[3]_i_1/O
                         net (fo=43, routed)          1.273     6.262    Inst_Game/SR[0]
    SLICE_X6Y30          FDRE                                         r  Inst_Game/s_ms_divider_reg[5]/R
  -------------------------------------------------------------------    -------------------

                         (clock sys_clk_pin rise edge)
                                                      0.000     0.000 r  
    E3                                                0.000     0.000 r  clk (IN)
                         net (fo=0)                   0.000     0.000    clk
    E3                   IBUF (Prop_ibuf_I_O)         1.418     1.418 r  clk_IBUF_inst/O
                         net (fo=1, routed)           1.862     3.280    clk_IBUF
    BUFGCTRL_X0Y16       BUFG (Prop_bufg_I_O)         0.091     3.371 r  clk_IBUF_BUFG_inst/O
                         net (fo=80, routed)          1.509     4.881    Inst_Game/CLK
    SLICE_X6Y30          FDRE                                         r  Inst_Game/s_ms_divider_reg[5]/C

Slack:                    inf
  Source:                 rst
                            (input port)
  Destination:            Inst_Game/s_ms_divider_reg[3]/R
                            (rising edge-triggered cell FDRE clocked by sys_clk_pin  {rise@0.000ns fall@5.000ns period=10.000ns})
  Path Group:             (none)
  Path Type:              Setup (Max at Slow Process Corner)
  Data Path Delay:        6.213ns  (logic 1.630ns (26.231%)  route 4.584ns (73.769%))
  Logic Levels:           2  (IBUF=1 LUT2=1)
  Clock Path Skew:        4.882ns (DCD - SCD + CPR)
    Destination Clock Delay (DCD):    4.882ns
    Source Clock Delay      (SCD):    0.000ns
    Clock Pessimism Removal (CPR):    0.000ns
  Clock Uncertainty:      0.025ns  ((TSJ^2 + TIJ^2)^1/2 + DJ) / 2 + PE
    Total System Jitter     (TSJ):    0.050ns
    Total Input Jitter      (TIJ):    0.000ns
    Discrete Jitter          (DJ):    0.000ns
    Phase Error              (PE):    0.000ns

    Location             Delay type                Incr(ns)  Path(ns)    Netlist Resource(s)
  -------------------------------------------------------------------    -------------------
    C12                                               0.000     0.000 f  rst (IN)
                         net (fo=0)                   0.000     0.000    rst
    C12                  IBUF (Prop_ibuf_I_O)         1.506     1.506 f  rst_IBUF_inst/O
                         net (fo=3, routed)           3.360     4.866    Inst_Game/rst_IBUF
    SLICE_X8Y34          LUT2 (Prop_lut2_I1_O)        0.124     4.990 r  Inst_Game/FSM_onehot_state[3]_i_1/O
                         net (fo=43, routed)          1.224     6.213    Inst_Game/SR[0]
    SLICE_X6Y31          FDRE                                         r  Inst_Game/s_ms_divider_reg[3]/R
  -------------------------------------------------------------------    -------------------

                         (clock sys_clk_pin rise edge)
                                                      0.000     0.000 r  
    E3                                                0.000     0.000 r  clk (IN)
                         net (fo=0)                   0.000     0.000    clk
    E3                   IBUF (Prop_ibuf_I_O)         1.418     1.418 r  clk_IBUF_inst/O
                         net (fo=1, routed)           1.862     3.280    clk_IBUF
    BUFGCTRL_X0Y16       BUFG (Prop_bufg_I_O)         0.091     3.371 r  clk_IBUF_BUFG_inst/O
                         net (fo=80, routed)          1.510     4.882    Inst_Game/CLK
    SLICE_X6Y31          FDRE                                         r  Inst_Game/s_ms_divider_reg[3]/C

Slack:                    inf
  Source:                 rst
                            (input port)
  Destination:            Inst_Game/s_ms_divider_reg[4]/R
                            (rising edge-triggered cell FDRE clocked by sys_clk_pin  {rise@0.000ns fall@5.000ns period=10.000ns})
  Path Group:             (none)
  Path Type:              Setup (Max at Slow Process Corner)
  Data Path Delay:        6.213ns  (logic 1.630ns (26.231%)  route 4.584ns (73.769%))
  Logic Levels:           2  (IBUF=1 LUT2=1)
  Clock Path Skew:        4.882ns (DCD - SCD + CPR)
    Destination Clock Delay (DCD):    4.882ns
    Source Clock Delay      (SCD):    0.000ns
    Clock Pessimism Removal (CPR):    0.000ns
  Clock Uncertainty:      0.025ns  ((TSJ^2 + TIJ^2)^1/2 + DJ) / 2 + PE
    Total System Jitter     (TSJ):    0.050ns
    Total Input Jitter      (TIJ):    0.000ns
    Discrete Jitter          (DJ):    0.000ns
    Phase Error              (PE):    0.000ns

    Location             Delay type                Incr(ns)  Path(ns)    Netlist Resource(s)
  -------------------------------------------------------------------    -------------------
    C12                                               0.000     0.000 f  rst (IN)
                         net (fo=0)                   0.000     0.000    rst
    C12                  IBUF (Prop_ibuf_I_O)         1.506     1.506 f  rst_IBUF_inst/O
                         net (fo=3, routed)           3.360     4.866    Inst_Game/rst_IBUF
    SLICE_X8Y34          LUT2 (Prop_lut2_I1_O)        0.124     4.990 r  Inst_Game/FSM_onehot_state[3]_i_1/O
                         net (fo=43, routed)          1.224     6.213    Inst_Game/SR[0]
    SLICE_X6Y31          FDRE                                         r  Inst_Game/s_ms_divider_reg[4]/R
  -------------------------------------------------------------------    -------------------

                         (clock sys_clk_pin rise edge)
                                                      0.000     0.000 r  
    E3                                                0.000     0.000 r  clk (IN)
                         net (fo=0)                   0.000     0.000    clk
    E3                   IBUF (Prop_ibuf_I_O)         1.418     1.418 r  clk_IBUF_inst/O
                         net (fo=1, routed)           1.862     3.280    clk_IBUF
    BUFGCTRL_X0Y16       BUFG (Prop_bufg_I_O)         0.091     3.371 r  clk_IBUF_BUFG_inst/O
                         net (fo=80, routed)          1.510     4.882    Inst_Game/CLK
    SLICE_X6Y31          FDRE                                         r  Inst_Game/s_ms_divider_reg[4]/C

Slack:                    inf
  Source:                 rst
                            (input port)
  Destination:            Inst_Game/s_ms_divider_reg[6]/R
                            (rising edge-triggered cell FDRE clocked by sys_clk_pin  {rise@0.000ns fall@5.000ns period=10.000ns})
  Path Group:             (none)
  Path Type:              Setup (Max at Slow Process Corner)
  Data Path Delay:        6.213ns  (logic 1.630ns (26.231%)  route 4.584ns (73.769%))
  Logic Levels:           2  (IBUF=1 LUT2=1)
  Clock Path Skew:        4.882ns (DCD - SCD + CPR)
    Destination Clock Delay (DCD):    4.882ns
    Source Clock Delay      (SCD):    0.000ns
    Clock Pessimism Removal (CPR):    0.000ns
  Clock Uncertainty:      0.025ns  ((TSJ^2 + TIJ^2)^1/2 + DJ) / 2 + PE
    Total System Jitter     (TSJ):    0.050ns
    Total Input Jitter      (TIJ):    0.000ns
    Discrete Jitter          (DJ):    0.000ns
    Phase Error              (PE):    0.000ns

    Location             Delay type                Incr(ns)  Path(ns)    Netlist Resource(s)
  -------------------------------------------------------------------    -------------------
    C12                                               0.000     0.000 f  rst (IN)
                         net (fo=0)                   0.000     0.000    rst
    C12                  IBUF (Prop_ibuf_I_O)         1.506     1.506 f  rst_IBUF_inst/O
                         net (fo=3, routed)           3.360     4.866    Inst_Game/rst_IBUF
    SLICE_X8Y34          LUT2 (Prop_lut2_I1_O)        0.124     4.990 r  Inst_Game/FSM_onehot_state[3]_i_1/O
                         net (fo=43, routed)          1.224     6.213    Inst_Game/SR[0]
    SLICE_X6Y31          FDRE                                         r  Inst_Game/s_ms_divider_reg[6]/R
  -------------------------------------------------------------------    -------------------

                         (clock sys_clk_pin rise edge)
                                                      0.000     0.000 r  
    E3                                                0.000     0.000 r  clk (IN)
                         net (fo=0)                   0.000     0.000    clk
    E3                   IBUF (Prop_ibuf_I_O)         1.418     1.418 r  clk_IBUF_inst/O
                         net (fo=1, routed)           1.862     3.280    clk_IBUF
    BUFGCTRL_X0Y16       BUFG (Prop_bufg_I_O)         0.091     3.371 r  clk_IBUF_BUFG_inst/O
                         net (fo=80, routed)          1.510     4.882    Inst_Game/CLK
    SLICE_X6Y31          FDRE                                         r  Inst_Game/s_ms_divider_reg[6]/C

Slack:                    inf
  Source:                 rst
                            (input port)
  Destination:            Inst_Game/s_timer_reg[2]/R
                            (rising edge-triggered cell FDRE clocked by sys_clk_pin  {rise@0.000ns fall@5.000ns period=10.000ns})
  Path Group:             (none)
  Path Type:              Setup (Max at Slow Process Corner)
  Data Path Delay:        6.187ns  (logic 1.630ns (26.345%)  route 4.557ns (73.655%))
  Logic Levels:           2  (IBUF=1 LUT2=1)
  Clock Path Skew:        4.887ns (DCD - SCD + CPR)
    Destination Clock Delay (DCD):    4.887ns
    Source Clock Delay      (SCD):    0.000ns
    Clock Pessimism Removal (CPR):    0.000ns
  Clock Uncertainty:      0.025ns  ((TSJ^2 + TIJ^2)^1/2 + DJ) / 2 + PE
    Total System Jitter     (TSJ):    0.050ns
    Total Input Jitter      (TIJ):    0.000ns
    Discrete Jitter          (DJ):    0.000ns
    Phase Error              (PE):    0.000ns

    Location             Delay type                Incr(ns)  Path(ns)    Netlist Resource(s)
  -------------------------------------------------------------------    -------------------
    C12                                               0.000     0.000 f  rst (IN)
                         net (fo=0)                   0.000     0.000    rst
    C12                  IBUF (Prop_ibuf_I_O)         1.506     1.506 f  rst_IBUF_inst/O
                         net (fo=3, routed)           3.360     4.866    Inst_Game/rst_IBUF
    SLICE_X8Y34          LUT2 (Prop_lut2_I1_O)        0.124     4.990 r  Inst_Game/FSM_onehot_state[3]_i_1/O
                         net (fo=43, routed)          1.197     6.187    Inst_Game/SR[0]
    SLICE_X4Y35          FDRE                                         r  Inst_Game/s_timer_reg[2]/R
  -------------------------------------------------------------------    -------------------

                         (clock sys_clk_pin rise edge)
                                                      0.000     0.000 r  
    E3                                                0.000     0.000 r  clk (IN)
                         net (fo=0)                   0.000     0.000    clk
    E3                   IBUF (Prop_ibuf_I_O)         1.418     1.418 r  clk_IBUF_inst/O
                         net (fo=1, routed)           1.862     3.280    clk_IBUF
    BUFGCTRL_X0Y16       BUFG (Prop_bufg_I_O)         0.091     3.371 r  clk_IBUF_BUFG_inst/O
                         net (fo=80, routed)          1.515     4.887    Inst_Game/CLK
    SLICE_X4Y35          FDRE                                         r  Inst_Game/s_timer_reg[2]/C

Slack:                    inf
  Source:                 rst
                            (input port)
  Destination:            Inst_Game/s_timer_reg[3]/R
                            (rising edge-triggered cell FDRE clocked by sys_clk_pin  {rise@0.000ns fall@5.000ns period=10.000ns})
  Path Group:             (none)
  Path Type:              Setup (Max at Slow Process Corner)
  Data Path Delay:        6.187ns  (logic 1.630ns (26.345%)  route 4.557ns (73.655%))
  Logic Levels:           2  (IBUF=1 LUT2=1)
  Clock Path Skew:        4.887ns (DCD - SCD + CPR)
    Destination Clock Delay (DCD):    4.887ns
    Source Clock Delay      (SCD):    0.000ns
    Clock Pessimism Removal (CPR):    0.000ns
  Clock Uncertainty:      0.025ns  ((TSJ^2 + TIJ^2)^1/2 + DJ) / 2 + PE
    Total System Jitter     (TSJ):    0.050ns
    Total Input Jitter      (TIJ):    0.000ns
    Discrete Jitter          (DJ):    0.000ns
    Phase Error              (PE):    0.000ns

    Location             Delay type                Incr(ns)  Path(ns)    Netlist Resource(s)
  -------------------------------------------------------------------    -------------------
    C12                                               0.000     0.000 f  rst (IN)
                         net (fo=0)                   0.000     0.000    rst
    C12                  IBUF (Prop_ibuf_I_O)         1.506     1.506 f  rst_IBUF_inst/O
                         net (fo=3, routed)           3.360     4.866    Inst_Game/rst_IBUF
    SLICE_X8Y34          LUT2 (Prop_lut2_I1_O)        0.124     4.990 r  Inst_Game/FSM_onehot_state[3]_i_1/O
                         net (fo=43, routed)          1.197     6.187    Inst_Game/SR[0]
    SLICE_X4Y35          FDRE                                         r  Inst_Game/s_timer_reg[3]/R
  -------------------------------------------------------------------    -------------------

                         (clock sys_clk_pin rise edge)
                                                      0.000     0.000 r  
    E3                                                0.000     0.000 r  clk (IN)
                         net (fo=0)                   0.000     0.000    clk
    E3                   IBUF (Prop_ibuf_I_O)         1.418     1.418 r  clk_IBUF_inst/O
                         net (fo=1, routed)           1.862     3.280    clk_IBUF
    BUFGCTRL_X0Y16       BUFG (Prop_bufg_I_O)         0.091     3.371 r  clk_IBUF_BUFG_inst/O
                         net (fo=80, routed)          1.515     4.887    Inst_Game/CLK
    SLICE_X4Y35          FDRE                                         r  Inst_Game/s_timer_reg[3]/C

Slack:                    inf
  Source:                 rst
                            (input port)
  Destination:            Inst_Game/s_timer_reg[4]/R
                            (rising edge-triggered cell FDRE clocked by sys_clk_pin  {rise@0.000ns fall@5.000ns period=10.000ns})
  Path Group:             (none)
  Path Type:              Setup (Max at Slow Process Corner)
  Data Path Delay:        6.187ns  (logic 1.630ns (26.345%)  route 4.557ns (73.655%))
  Logic Levels:           2  (IBUF=1 LUT2=1)
  Clock Path Skew:        4.887ns (DCD - SCD + CPR)
    Destination Clock Delay (DCD):    4.887ns
    Source Clock Delay      (SCD):    0.000ns
    Clock Pessimism Removal (CPR):    0.000ns
  Clock Uncertainty:      0.025ns  ((TSJ^2 + TIJ^2)^1/2 + DJ) / 2 + PE
    Total System Jitter     (TSJ):    0.050ns
    Total Input Jitter      (TIJ):    0.000ns
    Discrete Jitter          (DJ):    0.000ns
    Phase Error              (PE):    0.000ns

    Location             Delay type                Incr(ns)  Path(ns)    Netlist Resource(s)
  -------------------------------------------------------------------    -------------------
    C12                                               0.000     0.000 f  rst (IN)
                         net (fo=0)                   0.000     0.000    rst
    C12                  IBUF (Prop_ibuf_I_O)         1.506     1.506 f  rst_IBUF_inst/O
                         net (fo=3, routed)           3.360     4.866    Inst_Game/rst_IBUF
    SLICE_X8Y34          LUT2 (Prop_lut2_I1_O)        0.124     4.990 r  Inst_Game/FSM_onehot_state[3]_i_1/O
                         net (fo=43, routed)          1.197     6.187    Inst_Game/SR[0]
    SLICE_X4Y35          FDRE                                         r  Inst_Game/s_timer_reg[4]/R
  -------------------------------------------------------------------    -------------------

                         (clock sys_clk_pin rise edge)
                                                      0.000     0.000 r  
    E3                                                0.000     0.000 r  clk (IN)
                         net (fo=0)                   0.000     0.000    clk
    E3                   IBUF (Prop_ibuf_I_O)         1.418     1.418 r  clk_IBUF_inst/O
                         net (fo=1, routed)           1.862     3.280    clk_IBUF
    BUFGCTRL_X0Y16       BUFG (Prop_bufg_I_O)         0.091     3.371 r  clk_IBUF_BUFG_inst/O
                         net (fo=80, routed)          1.515     4.887    Inst_Game/CLK
    SLICE_X4Y35          FDRE                                         r  Inst_Game/s_timer_reg[4]/C

Slack:                    inf
  Source:                 rst
                            (input port)
  Destination:            Inst_Game/s_timer_reg[5]/R
                            (rising edge-triggered cell FDRE clocked by sys_clk_pin  {rise@0.000ns fall@5.000ns period=10.000ns})
  Path Group:             (none)
  Path Type:              Setup (Max at Slow Process Corner)
  Data Path Delay:        6.187ns  (logic 1.630ns (26.345%)  route 4.557ns (73.655%))
  Logic Levels:           2  (IBUF=1 LUT2=1)
  Clock Path Skew:        4.887ns (DCD - SCD + CPR)
    Destination Clock Delay (DCD):    4.887ns
    Source Clock Delay      (SCD):    0.000ns
    Clock Pessimism Removal (CPR):    0.000ns
  Clock Uncertainty:      0.025ns  ((TSJ^2 + TIJ^2)^1/2 + DJ) / 2 + PE
    Total System Jitter     (TSJ):    0.050ns
    Total Input Jitter      (TIJ):    0.000ns
    Discrete Jitter          (DJ):    0.000ns
    Phase Error              (PE):    0.000ns

    Location             Delay type                Incr(ns)  Path(ns)    Netlist Resource(s)
  -------------------------------------------------------------------    -------------------
    C12                                               0.000     0.000 f  rst (IN)
                         net (fo=0)                   0.000     0.000    rst
    C12                  IBUF (Prop_ibuf_I_O)         1.506     1.506 f  rst_IBUF_inst/O
                         net (fo=3, routed)           3.360     4.866    Inst_Game/rst_IBUF
    SLICE_X8Y34          LUT2 (Prop_lut2_I1_O)        0.124     4.990 r  Inst_Game/FSM_onehot_state[3]_i_1/O
                         net (fo=43, routed)          1.197     6.187    Inst_Game/SR[0]
    SLICE_X4Y35          FDRE                                         r  Inst_Game/s_timer_reg[5]/R
  -------------------------------------------------------------------    -------------------

                         (clock sys_clk_pin rise edge)
                                                      0.000     0.000 r  
    E3                                                0.000     0.000 r  clk (IN)
                         net (fo=0)                   0.000     0.000    clk
    E3                   IBUF (Prop_ibuf_I_O)         1.418     1.418 r  clk_IBUF_inst/O
                         net (fo=1, routed)           1.862     3.280    clk_IBUF
    BUFGCTRL_X0Y16       BUFG (Prop_bufg_I_O)         0.091     3.371 r  clk_IBUF_BUFG_inst/O
                         net (fo=80, routed)          1.515     4.887    Inst_Game/CLK
    SLICE_X4Y35          FDRE                                         r  Inst_Game/s_timer_reg[5]/C





Min Delay Paths
--------------------------------------------------------------------------------------
Slack:                    inf
  Source:                 btnc
                            (input port)
  Destination:            Inst_Debounce/s_sync_reg[0]/D
                            (rising edge-triggered cell FDRE clocked by sys_clk_pin  {rise@0.000ns fall@5.000ns period=10.000ns})
  Path Group:             (none)
  Path Type:              Hold (Min at Fast Process Corner)
  Data Path Delay:        0.783ns  (logic 0.238ns (30.430%)  route 0.545ns (69.570%))
  Logic Levels:           1  (IBUF=1)
  Clock Path Skew:        1.988ns (DCD - SCD - CPR)
    Destination Clock Delay (DCD):    1.988ns
    Source Clock Delay      (SCD):    0.000ns
    Clock Pessimism Removal (CPR):    -0.000ns

    Location             Delay type                Incr(ns)  Path(ns)    Netlist Resource(s)
  -------------------------------------------------------------------    -------------------
    N17                                               0.000     0.000 r  btnc (IN)
                         net (fo=0)                   0.000     0.000    btnc
    N17                  IBUF (Prop_ibuf_I_O)         0.238     0.238 r  btnc_IBUF_inst/O
                         net (fo=1, routed)           0.545     0.783    Inst_Debounce/D[0]
    SLICE_X9Y32          FDRE                                         r  Inst_Debounce/s_sync_reg[0]/D
  -------------------------------------------------------------------    -------------------

                         (clock sys_clk_pin rise edge)
                                                      0.000     0.000 r  
    E3                                                0.000     0.000 r  clk (IN)
                         net (fo=0)                   0.000     0.000    clk
    E3                   IBUF (Prop_ibuf_I_O)         0.445     0.445 r  clk_IBUF_inst/O
                         net (fo=1, routed)           0.685     1.129    clk_IBUF
    BUFGCTRL_X0Y16       BUFG (Prop_bufg_I_O)         0.029     1.158 r  clk_IBUF_BUFG_inst/O
                         net (fo=80, routed)          0.830     1.988    Inst_Debounce/CLK
    SLICE_X9Y32          FDRE                                         r  Inst_Debounce/s_sync_reg[0]/C

Slack:                    inf
  Source:                 btnr
                            (input port)
  Destination:            Inst_Random/s_reg_reg[1]/S
                            (rising edge-triggered cell FDSE clocked by sys_clk_pin  {rise@0.000ns fall@5.000ns period=10.000ns})
  Path Group:             (none)
  Path Type:              Hold (Min at Fast Process Corner)
  Data Path Delay:        0.988ns  (logic 0.277ns (28.071%)  route 0.711ns (71.929%))
  Logic Levels:           2  (IBUF=1 LUT2=1)
  Clock Path Skew:        1.989ns (DCD - SCD - CPR)
    Destination Clock Delay (DCD):    1.989ns
    Source Clock Delay      (SCD):    0.000ns
    Clock Pessimism Removal (CPR):    -0.000ns

    Location             Delay type                Incr(ns)  Path(ns)    Netlist Resource(s)
  -------------------------------------------------------------------    -------------------
    M17                                               0.000     0.000 r  btnr (IN)
                         net (fo=0)                   0.000     0.000    btnr
    M17                  IBUF (Prop_ibuf_I_O)         0.232     0.232 r  btnr_IBUF_inst/O
                         net (fo=3, routed)           0.559     0.791    Inst_Game/btnr_IBUF
    SLICE_X8Y34          LUT2 (Prop_lut2_I0_O)        0.045     0.836 r  Inst_Game/FSM_onehot_state[3]_i_1/O
                         net (fo=43, routed)          0.152     0.988    Inst_Random/SR[0]
    SLICE_X8Y33          FDSE                                         r  Inst_Random/s_reg_reg[1]/S
  -------------------------------------------------------------------    -------------------

                         (clock sys_clk_pin rise edge)
                                                      0.000     0.000 r  
    E3                                                0.000     0.000 r  clk (IN)
                         net (fo=0)                   0.000     0.000    clk
    E3                   IBUF (Prop_ibuf_I_O)         0.445     0.445 r  clk_IBUF_inst/O
                         net (fo=1, routed)           0.685     1.129    clk_IBUF
    BUFGCTRL_X0Y16       BUFG (Prop_bufg_I_O)         0.029     1.158 r  clk_IBUF_BUFG_inst/O
                         net (fo=80, routed)          0.831     1.989    Inst_Random/CLK
    SLICE_X8Y33          FDSE                                         r  Inst_Random/s_reg_reg[1]/C

Slack:                    inf
  Source:                 btnr
                            (input port)
  Destination:            Inst_Random/s_reg_reg[2]/R
                            (rising edge-triggered cell FDRE clocked by sys_clk_pin  {rise@0.000ns fall@5.000ns period=10.000ns})
  Path Group:             (none)
  Path Type:              Hold (Min at Fast Process Corner)
  Data Path Delay:        0.988ns  (logic 0.277ns (28.071%)  route 0.711ns (71.929%))
  Logic Levels:           2  (IBUF=1 LUT2=1)
  Clock Path Skew:        1.989ns (DCD - SCD - CPR)
    Destination Clock Delay (DCD):    1.989ns
    Source Clock Delay      (SCD):    0.000ns
    Clock Pessimism Removal (CPR):    -0.000ns

    Location             Delay type                Incr(ns)  Path(ns)    Netlist Resource(s)
  -------------------------------------------------------------------    -------------------
    M17                                               0.000     0.000 r  btnr (IN)
                         net (fo=0)                   0.000     0.000    btnr
    M17                  IBUF (Prop_ibuf_I_O)         0.232     0.232 r  btnr_IBUF_inst/O
                         net (fo=3, routed)           0.559     0.791    Inst_Game/btnr_IBUF
    SLICE_X8Y34          LUT2 (Prop_lut2_I0_O)        0.045     0.836 r  Inst_Game/FSM_onehot_state[3]_i_1/O
                         net (fo=43, routed)          0.152     0.988    Inst_Random/SR[0]
    SLICE_X8Y33          FDRE                                         r  Inst_Random/s_reg_reg[2]/R
  -------------------------------------------------------------------    -------------------

                         (clock sys_clk_pin rise edge)
                                                      0.000     0.000 r  
    E3                                                0.000     0.000 r  clk (IN)
                         net (fo=0)                   0.000     0.000    clk
    E3                   IBUF (Prop_ibuf_I_O)         0.445     0.445 r  clk_IBUF_inst/O
                         net (fo=1, routed)           0.685     1.129    clk_IBUF
    BUFGCTRL_X0Y16       BUFG (Prop_bufg_I_O)         0.029     1.158 r  clk_IBUF_BUFG_inst/O
                         net (fo=80, routed)          0.831     1.989    Inst_Random/CLK
    SLICE_X8Y33          FDRE                                         r  Inst_Random/s_reg_reg[2]/C

Slack:                    inf
  Source:                 btnr
                            (input port)
  Destination:            Inst_Debounce/s_cnt_reg[10]/R
                            (rising edge-triggered cell FDRE clocked by sys_clk_pin  {rise@0.000ns fall@5.000ns period=10.000ns})
  Path Group:             (none)
  Path Type:              Hold (Min at Fast Process Corner)
  Data Path Delay:        1.041ns  (logic 0.280ns (26.926%)  route 0.761ns (73.074%))
  Logic Levels:           2  (IBUF=1 LUT3=1)
  Clock Path Skew:        1.991ns (DCD - SCD - CPR)
    Destination Clock Delay (DCD):    1.991ns
    Source Clock Delay      (SCD):    0.000ns
    Clock Pessimism Removal (CPR):    -0.000ns

    Location             Delay type                Incr(ns)  Path(ns)    Netlist Resource(s)
  -------------------------------------------------------------------    -------------------
    M17                                               0.000     0.000 r  btnr (IN)
                         net (fo=0)                   0.000     0.000    btnr
    M17                  IBUF (Prop_ibuf_I_O)         0.232     0.232 r  btnr_IBUF_inst/O
                         net (fo=3, routed)           0.559     0.791    Inst_Debounce/btnr_IBUF
    SLICE_X8Y34          LUT3 (Prop_lut3_I1_O)        0.048     0.839 r  Inst_Debounce/s_cnt[0]_i_1__0/O
                         net (fo=17, routed)          0.203     1.041    Inst_Debounce/s_cnt[0]_i_1__0_n_0
    SLICE_X10Y35         FDRE                                         r  Inst_Debounce/s_cnt_reg[10]/R
  -------------------------------------------------------------------    -------------------

                         (clock sys_clk_pin rise edge)
                                                      0.000     0.000 r  
    E3                                                0.000     0.000 r  clk (IN)
                         net (fo=0)                   0.000     0.000    clk
    E3                   IBUF (Prop_ibuf_I_O)         0.445     0.445 r  clk_IBUF_inst/O
                         net (fo=1, routed)           0.685     1.129    clk_IBUF
    BUFGCTRL_X0Y16       BUFG (Prop_bufg_I_O)         0.029     1.158 r  clk_IBUF_BUFG_inst/O
                         net (fo=80, routed)          0.833     1.991    Inst_Debounce/CLK
    SLICE_X10Y35         FDRE                                         r  Inst_Debounce/s_cnt_reg[10]/C

Slack:                    inf
  Source:                 btnr
                            (input port)
  Destination:            Inst_Debounce/s_cnt_reg[11]/R
                            (rising edge-triggered cell FDRE clocked by sys_clk_pin  {rise@0.000ns fall@5.000ns period=10.000ns})
  Path Group:             (none)
  Path Type:              Hold (Min at Fast Process Corner)
  Data Path Delay:        1.041ns  (logic 0.280ns (26.926%)  route 0.761ns (73.074%))
  Logic Levels:           2  (IBUF=1 LUT3=1)
  Clock Path Skew:        1.991ns (DCD - SCD - CPR)
    Destination Clock Delay (DCD):    1.991ns
    Source Clock Delay      (SCD):    0.000ns
    Clock Pessimism Removal (CPR):    -0.000ns

    Location             Delay type                Incr(ns)  Path(ns)    Netlist Resource(s)
  -------------------------------------------------------------------    -------------------
    M17                                               0.000     0.000 r  btnr (IN)
                         net (fo=0)                   0.000     0.000    btnr
    M17                  IBUF (Prop_ibuf_I_O)         0.232     0.232 r  btnr_IBUF_inst/O
                         net (fo=3, routed)           0.559     0.791    Inst_Debounce/btnr_IBUF
    SLICE_X8Y34          LUT3 (Prop_lut3_I1_O)        0.048     0.839 r  Inst_Debounce/s_cnt[0]_i_1__0/O
                         net (fo=17, routed)          0.203     1.041    Inst_Debounce/s_cnt[0]_i_1__0_n_0
    SLICE_X10Y35         FDRE                                         r  Inst_Debounce/s_cnt_reg[11]/R
  -------------------------------------------------------------------    -------------------

                         (clock sys_clk_pin rise edge)
                                                      0.000     0.000 r  
    E3                                                0.000     0.000 r  clk (IN)
                         net (fo=0)                   0.000     0.000    clk
    E3                   IBUF (Prop_ibuf_I_O)         0.445     0.445 r  clk_IBUF_inst/O
                         net (fo=1, routed)           0.685     1.129    clk_IBUF
    BUFGCTRL_X0Y16       BUFG (Prop_bufg_I_O)         0.029     1.158 r  clk_IBUF_BUFG_inst/O
                         net (fo=80, routed)          0.833     1.991    Inst_Debounce/CLK
    SLICE_X10Y35         FDRE                                         r  Inst_Debounce/s_cnt_reg[11]/C

Slack:                    inf
  Source:                 btnr
                            (input port)
  Destination:            Inst_Debounce/s_cnt_reg[8]/R
                            (rising edge-triggered cell FDRE clocked by sys_clk_pin  {rise@0.000ns fall@5.000ns period=10.000ns})
  Path Group:             (none)
  Path Type:              Hold (Min at Fast Process Corner)
  Data Path Delay:        1.041ns  (logic 0.280ns (26.926%)  route 0.761ns (73.074%))
  Logic Levels:           2  (IBUF=1 LUT3=1)
  Clock Path Skew:        1.991ns (DCD - SCD - CPR)
    Destination Clock Delay (DCD):    1.991ns
    Source Clock Delay      (SCD):    0.000ns
    Clock Pessimism Removal (CPR):    -0.000ns

    Location             Delay type                Incr(ns)  Path(ns)    Netlist Resource(s)
  -------------------------------------------------------------------    -------------------
    M17                                               0.000     0.000 r  btnr (IN)
                         net (fo=0)                   0.000     0.000    btnr
    M17                  IBUF (Prop_ibuf_I_O)         0.232     0.232 r  btnr_IBUF_inst/O
                         net (fo=3, routed)           0.559     0.791    Inst_Debounce/btnr_IBUF
    SLICE_X8Y34          LUT3 (Prop_lut3_I1_O)        0.048     0.839 r  Inst_Debounce/s_cnt[0]_i_1__0/O
                         net (fo=17, routed)          0.203     1.041    Inst_Debounce/s_cnt[0]_i_1__0_n_0
    SLICE_X10Y35         FDRE                                         r  Inst_Debounce/s_cnt_reg[8]/R
  -------------------------------------------------------------------    -------------------

                         (clock sys_clk_pin rise edge)
                                                      0.000     0.000 r  
    E3                                                0.000     0.000 r  clk (IN)
                         net (fo=0)                   0.000     0.000    clk
    E3                   IBUF (Prop_ibuf_I_O)         0.445     0.445 r  clk_IBUF_inst/O
                         net (fo=1, routed)           0.685     1.129    clk_IBUF
    BUFGCTRL_X0Y16       BUFG (Prop_bufg_I_O)         0.029     1.158 r  clk_IBUF_BUFG_inst/O
                         net (fo=80, routed)          0.833     1.991    Inst_Debounce/CLK
    SLICE_X10Y35         FDRE                                         r  Inst_Debounce/s_cnt_reg[8]/C

Slack:                    inf
  Source:                 btnr
                            (input port)
  Destination:            Inst_Debounce/s_cnt_reg[9]/R
                            (rising edge-triggered cell FDRE clocked by sys_clk_pin  {rise@0.000ns fall@5.000ns period=10.000ns})
  Path Group:             (none)
  Path Type:              Hold (Min at Fast Process Corner)
  Data Path Delay:        1.041ns  (logic 0.280ns (26.926%)  route 0.761ns (73.074%))
  Logic Levels:           2  (IBUF=1 LUT3=1)
  Clock Path Skew:        1.991ns (DCD - SCD - CPR)
    Destination Clock Delay (DCD):    1.991ns
    Source Clock Delay      (SCD):    0.000ns
    Clock Pessimism Removal (CPR):    -0.000ns

    Location             Delay type                Incr(ns)  Path(ns)    Netlist Resource(s)
  -------------------------------------------------------------------    -------------------
    M17                                               0.000     0.000 r  btnr (IN)
                         net (fo=0)                   0.000     0.000    btnr
    M17                  IBUF (Prop_ibuf_I_O)         0.232     0.232 r  btnr_IBUF_inst/O
                         net (fo=3, routed)           0.559     0.791    Inst_Debounce/btnr_IBUF
    SLICE_X8Y34          LUT3 (Prop_lut3_I1_O)        0.048     0.839 r  Inst_Debounce/s_cnt[0]_i_1__0/O
                         net (fo=17, routed)          0.203     1.041    Inst_Debounce/s_cnt[0]_i_1__0_n_0
    SLICE_X10Y35         FDRE                                         r  Inst_Debounce/s_cnt_reg[9]/R
  -------------------------------------------------------------------    -------------------

                         (clock sys_clk_pin rise edge)
                                                      0.000     0.000 r  
    E3                                                0.000     0.000 r  clk (IN)
                         net (fo=0)                   0.000     0.000    clk
    E3                   IBUF (Prop_ibuf_I_O)         0.445     0.445 r  clk_IBUF_inst/O
                         net (fo=1, routed)           0.685     1.129    clk_IBUF
    BUFGCTRL_X0Y16       BUFG (Prop_bufg_I_O)         0.029     1.158 r  clk_IBUF_BUFG_inst/O
                         net (fo=80, routed)          0.833     1.991    Inst_Debounce/CLK
    SLICE_X10Y35         FDRE                                         r  Inst_Debounce/s_cnt_reg[9]/C

Slack:                    inf
  Source:                 btnr
                            (input port)
  Destination:            Inst_Debounce/s_cnt_reg[0]/R
                            (rising edge-triggered cell FDRE clocked by sys_clk_pin  {rise@0.000ns fall@5.000ns period=10.000ns})
  Path Group:             (none)
  Path Type:              Hold (Min at Fast Process Corner)
  Data Path Delay:        1.048ns  (logic 0.280ns (26.765%)  route 0.767ns (73.235%))
  Logic Levels:           2  (IBUF=1 LUT3=1)
  Clock Path Skew:        1.989ns (DCD - SCD - CPR)
    Destination Clock Delay (DCD):    1.989ns
    Source Clock Delay      (SCD):    0.000ns
    Clock Pessimism Removal (CPR):    -0.000ns

    Location             Delay type                Incr(ns)  Path(ns)    Netlist Resource(s)
  -------------------------------------------------------------------    -------------------
    M17                                               0.000     0.000 r  btnr (IN)
                         net (fo=0)                   0.000     0.000    btnr
    M17                  IBUF (Prop_ibuf_I_O)         0.232     0.232 r  btnr_IBUF_inst/O
                         net (fo=3, routed)           0.559     0.791    Inst_Debounce/btnr_IBUF
    SLICE_X8Y34          LUT3 (Prop_lut3_I1_O)        0.048     0.839 r  Inst_Debounce/s_cnt[0]_i_1__0/O
                         net (fo=17, routed)          0.209     1.048    Inst_Debounce/s_cnt[0]_i_1__0_n_0
    SLICE_X10Y33         FDRE                                         r  Inst_Debounce/s_cnt_reg[0]/R
  -------------------------------------------------------------------    -------------------

                         (clock sys_clk_pin rise edge)
                                                      0.000     0.000 r  
    E3                                                0.000     0.000 r  clk (IN)
                         net (fo=0)                   0.000     0.000    clk
    E3                   IBUF (Prop_ibuf_I_O)         0.445     0.445 r  clk_IBUF_inst/O
                         net (fo=1, routed)           0.685     1.129    clk_IBUF
    BUFGCTRL_X0Y16       BUFG (Prop_bufg_I_O)         0.029     1.158 r  clk_IBUF_BUFG_inst/O
                         net (fo=80, routed)          0.831     1.989    Inst_Debounce/CLK
    SLICE_X10Y33         FDRE                                         r  Inst_Debounce/s_cnt_reg[0]/C

Slack:                    inf
  Source:                 btnr
                            (input port)
  Destination:            Inst_Debounce/s_cnt_reg[1]/R
                            (rising edge-triggered cell FDRE clocked by sys_clk_pin  {rise@0.000ns fall@5.000ns period=10.000ns})
  Path Group:             (none)
  Path Type:              Hold (Min at Fast Process Corner)
  Data Path Delay:        1.048ns  (logic 0.280ns (26.765%)  route 0.767ns (73.235%))
  Logic Levels:           2  (IBUF=1 LUT3=1)
  Clock Path Skew:        1.989ns (DCD - SCD - CPR)
    Destination Clock Delay (DCD):    1.989ns
    Source Clock Delay      (SCD):    0.000ns
    Clock Pessimism Removal (CPR):    -0.000ns

    Location             Delay type                Incr(ns)  Path(ns)    Netlist Resource(s)
  -------------------------------------------------------------------    -------------------
    M17                                               0.000     0.000 r  btnr (IN)
                         net (fo=0)                   0.000     0.000    btnr
    M17                  IBUF (Prop_ibuf_I_O)         0.232     0.232 r  btnr_IBUF_inst/O
                         net (fo=3, routed)           0.559     0.791    Inst_Debounce/btnr_IBUF
    SLICE_X8Y34          LUT3 (Prop_lut3_I1_O)        0.048     0.839 r  Inst_Debounce/s_cnt[0]_i_1__0/O
                         net (fo=17, routed)          0.209     1.048    Inst_Debounce/s_cnt[0]_i_1__0_n_0
    SLICE_X10Y33         FDRE                                         r  Inst_Debounce/s_cnt_reg[1]/R
  -------------------------------------------------------------------    -------------------

                         (clock sys_clk_pin rise edge)
                                                      0.000     0.000 r  
    E3                                                0.000     0.000 r  clk (IN)
                         net (fo=0)                   0.000     0.000    clk
    E3                   IBUF (Prop_ibuf_I_O)         0.445     0.445 r  clk_IBUF_inst/O
                         net (fo=1, routed)           0.685     1.129    clk_IBUF
    BUFGCTRL_X0Y16       BUFG (Prop_bufg_I_O)         0.029     1.158 r  clk_IBUF_BUFG_inst/O
                         net (fo=80, routed)          0.831     1.989    Inst_Debounce/CLK
    SLICE_X10Y33         FDRE                                         r  Inst_Debounce/s_cnt_reg[1]/C

Slack:                    inf
  Source:                 btnr
                            (input port)
  Destination:            Inst_Debounce/s_cnt_reg[2]/R
                            (rising edge-triggered cell FDRE clocked by sys_clk_pin  {rise@0.000ns fall@5.000ns period=10.000ns})
  Path Group:             (none)
  Path Type:              Hold (Min at Fast Process Corner)
  Data Path Delay:        1.048ns  (logic 0.280ns (26.765%)  route 0.767ns (73.235%))
  Logic Levels:           2  (IBUF=1 LUT3=1)
  Clock Path Skew:        1.989ns (DCD - SCD - CPR)
    Destination Clock Delay (DCD):    1.989ns
    Source Clock Delay      (SCD):    0.000ns
    Clock Pessimism Removal (CPR):    -0.000ns

    Location             Delay type                Incr(ns)  Path(ns)    Netlist Resource(s)
  -------------------------------------------------------------------    -------------------
    M17                                               0.000     0.000 r  btnr (IN)
                         net (fo=0)                   0.000     0.000    btnr
    M17                  IBUF (Prop_ibuf_I_O)         0.232     0.232 r  btnr_IBUF_inst/O
                         net (fo=3, routed)           0.559     0.791    Inst_Debounce/btnr_IBUF
    SLICE_X8Y34          LUT3 (Prop_lut3_I1_O)        0.048     0.839 r  Inst_Debounce/s_cnt[0]_i_1__0/O
                         net (fo=17, routed)          0.209     1.048    Inst_Debounce/s_cnt[0]_i_1__0_n_0
    SLICE_X10Y33         FDRE                                         r  Inst_Debounce/s_cnt_reg[2]/R
  -------------------------------------------------------------------    -------------------

                         (clock sys_clk_pin rise edge)
                                                      0.000     0.000 r  
    E3                                                0.000     0.000 r  clk (IN)
                         net (fo=0)                   0.000     0.000    clk
    E3                   IBUF (Prop_ibuf_I_O)         0.445     0.445 r  clk_IBUF_inst/O
                         net (fo=1, routed)           0.685     1.129    clk_IBUF
    BUFGCTRL_X0Y16       BUFG (Prop_bufg_I_O)         0.029     1.158 r  clk_IBUF_BUFG_inst/O
                         net (fo=80, routed)          0.831     1.989    Inst_Debounce/CLK
    SLICE_X10Y33         FDRE                                         r  Inst_Debounce/s_cnt_reg[2]/C





